"id","Sex","Race","SES","PreK","District_Poverty","Math_0","Math_0.5","Math_1","Math_1.5","Math_2","Math_2.5","Math_3.5","Math_4.5","Math_5.5","Reading_0","Reading_0.5","Reading_1","Reading_1.5","Reading_2","Reading_2.5","Reading_3.5","Reading_4.5","Reading_5.5","Science_0.5","Science_1","Science_1.5","Science_2","Science_2.5","Science_3.5","Science_4.5","Science_5.5","DCCS_0","DCCS_0.5","DCCS_1","DCCS_1.5","DCCS_2","DCCS_2.5","DCCS_3.5","DCCS_4.5","DCCS_5.5","Numbers_Reversed_0","Numbers_Reversed_0.5","Numbers_Reversed_1","Numbers_Reversed_1.5","Numbers_Reversed_2","Numbers_Reversed_2.5","Numbers_Reversed_3.5","Numbers_Reversed_4.5","Numbers_Reversed_5.5","Numbers_Reversed_(W-ability)_0","Numbers_Reversed_(W-ability)_0.5","Numbers_Reversed_(W-ability)_1","Numbers_Reversed_(W-ability)_1.5","Numbers_Reversed_(W-ability)_2","Numbers_Reversed_(W-ability)_2.5","Numbers_Reversed_(W-ability)_3.5","Numbers_Reversed_(W-ability)_4.5","Numbers_Reversed_(W-ability)_5.5"
"10000041","Male","White",1.223,"center",5,61.0786,77.5583,NA,103.9444,NA,NA,NA,NA,NA,73.0942,107.7712,NA,111.7527,NA,NA,NA,NA,NA,43.2846,NA,47.4515,NA,NA,NA,NA,NA,15,17,NA,17,NA,NA,NA,NA,NA,120,120,NA,110,NA,NA,NA,NA,NA,483,489,NA,489,NA,NA,NA,NA,NA
"10000118","Male","White",1.015,"center",13,38.9374,58.5958,NA,76.79,NA,87.5566,105.907,NA,NA,60.3557,83.1573,NA,120.2012,NA,116.7331,134.0674,NA,NA,28.2578,NA,53.2728,NA,66.4283,75.7993,NA,NA,18,15,NA,17,NA,7.5626,7.4933,NA,NA,106,115,NA,112,NA,104,103,NA,NA,448,476,NA,489,NA,489,496,NA,NA
"10000131","Female","White",0.2251,NA,45,NA,NA,58.266,90.4597,89.8326,93.1595,120.0982,NA,NA,NA,NA,85.3657,111.7859,120.5484,125.2486,128.0527,NA,NA,NA,40.0949,57.8901,52.1126,56.0202,69.916,NA,NA,NA,NA,18,17,6.7104,7.9005,6.7426,NA,NA,NA,NA,108,108,110,117,100,NA,NA,NA,NA,483,489,496,509,496,NA,NA
"10000141","Female","White",1.614,"center",36,39.9525,52.4021,NA,72.5246,NA,98.7591,97.516,111.0056,137.572,56.1395,67.1446,NA,111.4931,NA,126.2584,125.332,139.9927,145.3934,36.7397,NA,51.034,NA,61.1729,63.9478,84.6481,89.5645,16,17,NA,17,NA,7.3773,7.9429,8.14629999999999,8.6229,98,98,NA,96,NA,98,83,71,83,435,448,NA,470,NA,483,470,462,483
"10000181","Male","White",1.194,"center",NA,NA,64.613,68.8085,73.6981,81.0626999999999,88.3659,105.2355,116.8129,124.1041,NA,85.4093,95.1871999999999,117.2649,123.5137,118.3591,131.5734,129.4073,149.5327,43.3007,34.9486,53.1259,44.6443,43.2904,64.3969,64.9224,60.1785,NA,17,16,18,6.1053,7.1589,6.6853,7.4098,6.1829,NA,100,79,89,91,92,83,93,99,NA,476,448,470,476,483,476,496,509
"10000207","Female","Hispanic",NA,NA,22,41.3798,52.4723,NA,63.8277,NA,95.5163,120.7877,123.792,128.3307,63.2054,91.4914,NA,103.5188,NA,115.4246,130.7766,135.2801,150.8449,31.9136,NA,37.4681,NA,60.4565,69.3503,76.3739,87.931,15,17,NA,18,NA,7.2657,7.6387,7.5131,7.6733,88,105,NA,78,NA,79,93,79,79,435,476,NA,448,NA,462,489,476,483
"10000214","Female","White",0.8916,"center",3,36.7179,49.2516,54.9076,68.8931,75.7476,95.5922,102.3193,117.5539,130.5123,56.1629,68.5548,70.5128,90.3875999999999,97.4209,115.9315,120.2118,117.2844,133.2562,37.5909,45.2018,45.5713,47.0471,53.9582,67.9612,65.7358,81.2126,15,17,18,17,7.6061,6.1467,9.2545,8.23769999999999,9.125,96,90,86,80,104,71,95,89,85,448,448,448,448,489,448,489,489,489
"10000216","Female","White",NA,NA,NA,49.0384,56.1627,NA,81.1437,NA,101.9614,107.5355,113.841,124.5471,67.2853,75.6644,NA,98.6367,NA,114.2626,133.5419,135.1211,137.2288,43.1909,NA,50.3642,NA,58.9026,66.5264,65.461,75.655,15,14,NA,18,NA,7.6432,7.6139,8.6635,8.64119999999999,116,73,NA,96,NA,125,99,94,100,483,419,NA,476,NA,522,496,496,509
"10000258","Male","White",-0.318,"none",24,19.2903,22.0596,NA,NA,NA,NA,NA,NA,NA,39.6194,44.7073,NA,NA,NA,NA,NA,NA,NA,29.076,NA,NA,NA,NA,NA,NA,NA,15,18,NA,NA,NA,NA,NA,NA,NA,NA,80,NA,NA,NA,NA,NA,NA,NA,403,403,NA,NA,NA,NA,NA,NA,NA
"10000298","Male","White",0.9403,"center",NA,39.908,48.5828,NA,NA,NA,NA,NA,NA,NA,65.355,64.9929,NA,NA,NA,NA,NA,NA,NA,28.1427,NA,NA,NA,NA,NA,NA,NA,9,15,NA,NA,NA,NA,NA,NA,NA,120,94,NA,NA,NA,NA,NA,NA,NA,483,448,NA,NA,NA,NA,NA,NA,NA
"10000417","Male","other",-0.79,"center",11,NA,37.8392,NA,NA,NA,NA,NA,NA,NA,NA,54.0359,NA,NA,NA,NA,NA,NA,NA,29.4987,NA,NA,NA,NA,NA,NA,NA,NA,17,NA,NA,NA,NA,NA,NA,NA,NA,105,NA,NA,NA,NA,NA,NA,NA,NA,476,NA,NA,NA,NA,NA,NA,NA
"10000479","Female","Hispanic",-0.848,"center",28,17.6063,31.2943,45.7898,59.7791,66.0045,67.8882,76.5664,89.731,80.9996,43.1189,56.3625,62.0458,74.9188,81.3093,78.7759,92.6221,106.5842,108.5967,21.6302,25.1978,32.2449,29.8153,44.1373,34.2179,61.3896,64.7905,14,15,15,14,5.4918,6.7014,6.7229,7.6139,7.8678,NA,80,89,88,84,96,100,94,74,403,403,435,448,448,476,489,489,470
"10000561","Male","Asian",0.3445,"center",NA,51.9397,68.0685,NA,84.1685,NA,105.5778,117.2569,118.2669,130.2632,56.5395,68.3183,NA,95.7742,NA,117.5934,137.7512,147.9657,155.711,25.6484,NA,39.5617,NA,52.9993,63.2105,68.8276,88.6479,16,15,NA,16,NA,5.8723,7.5202,7.6564,7.366,75,91,NA,102,NA,106,99,85,96,403,448,NA,483,NA,496,496,483,502
"10000585","Female","White",0.4259,"center",NA,NA,80.911,NA,81.6562,NA,NA,NA,NA,NA,NA,92.6153,NA,114.6661,NA,NA,NA,NA,NA,39.4528,NA,54.2218,NA,NA,NA,NA,NA,NA,18,NA,15,NA,NA,NA,NA,NA,NA,114,NA,100,NA,NA,NA,NA,NA,NA,489,NA,483,NA,NA,NA,NA,NA
"10000623","Female","White",-0.082,"non-relative",10,32.3572,53.4141,57.5916,80.5384,72.7755,100.3947,128.4917,124.9208,128.7787,53.854,67.9975,82.0478,102.7432,109.3448,136.3827,128.7575,140.448,144.0218,41.5565,43.5197,48.9719,44.7959,61.4012,66.1267,79.5893,84.156,15,18,18,16,7.1169,7.8551,9.22819999999999,9.3095,8.827,80,113,102,111,108,114,97,102,102,403,476,470,489,489,502,489,502,509
"10000760","Male","White",0.7129,"center",NA,26.3487,33.869,NA,44.3263,NA,52.1753,77.3005,82.0223,96.1338,38.3594,41.4303,NA,50.638,NA,65.3509,87.8676,119.0105,129.0044,31.1497,NA,45.545,NA,37.7962,39.7755,56.5048,48.6076,13,17,NA,15,NA,4,6.9574,7.632,8.0003,80,75,NA,75,NA,74,93,92,83,403,403,NA,435,NA,448,483,489,483
"10000772","Female","Hispanic",1.149,"center",NA,33.439,49.5662,NA,NA,NA,NA,90.942,99.9775,117.2067,61.5432,69.4946,NA,NA,NA,NA,124.7073,127.1562,145.822,32.1052,NA,NA,NA,NA,50.053,65.026,66.4508,16,15,NA,NA,NA,NA,6.9659,7.5689,8.091,100,93,NA,NA,NA,NA,95,96,92,448,448,NA,NA,NA,NA,489,496,496
"10000854","Female","White",0.1971,NA,NA,32.4913,40.9221,NA,55.4403,NA,71.1195,78.4157,79.5421,97.6419,48.5037,57.3916,NA,77.6545,NA,107.048,99.0137,107.2203,109.3317,30.4054,NA,34.0852,NA,43.0508,42.3959,52.2581,68.5467,14,15,NA,18,NA,6.904,6.8141,8.3551,5.5748,71,78,NA,76,NA,57,62,73,84,410,435,NA,448,NA,435,448,470,489
"10000902","Male","White",0.1284,"center",12,NA,54.5933,NA,88.4559,NA,101.3807,125.45,125.8279,134.1676,NA,101.8528,NA,107.3207,NA,126.8035,131.8128,142.1406,150.7793,41.9329,NA,52.738,NA,56.4563,72.0129,77.8799,85.9071,NA,17,NA,18,NA,8.8242,7.4883,8.5724,9.23799999999999,NA,117,NA,126,NA,107,111,128,126,NA,489,NA,509,NA,496,509,539,544
"10000934","Male","Black",-0.069,"center",16,45.5076,54.0379,NA,66.8962,NA,NA,NA,NA,NA,50.869,82.2282,NA,110.2946,NA,NA,NA,NA,NA,30.9624,NA,45.36,NA,NA,NA,NA,NA,15,15,NA,14,NA,NA,NA,NA,NA,80,121,NA,116,NA,NA,NA,NA,NA,403,489,NA,496,NA,NA,NA,NA,NA
"10000959","Female","White",0.0347,"none",NA,NA,65.3874,NA,83.2259,NA,100.565,127.3534,134.135,126.4924,NA,101.0518,NA,125.819,NA,138.6734,146.5715,145.7251,155.0096,47.6438,NA,59.3888,NA,63.9273,79.2603,76.5613,82.9517,NA,18,NA,17,NA,6.7485,6.5131,7.4306,7.0327,NA,112,NA,121,NA,131,136,140,138,NA,476,NA,502,NA,522,539,554,558
"10001046","Male","White",-0.426,"center",19,NA,66.311,NA,92.5558,NA,105.5981,127.2472,124.5118,134.0571,NA,100.3677,NA,133.1416,NA,127.9106,139.1055,143.7597,147.9915,51.6108,NA,58.6923,NA,80.0907,77.7443,77.6273,89.3699,NA,16,NA,18,NA,6.2797,7.252,7.8163,7.991,NA,98,NA,106,NA,108,88,89,95,NA,470,NA,489,NA,502,483,489,502
"10001111","Female","White",-0.75,"relative",11,17.6983,29.4106,NA,36.6696,NA,NA,NA,NA,NA,41.3507,48.7283,NA,62.6858,NA,NA,NA,NA,NA,33.6896,NA,41.5663,NA,NA,NA,NA,NA,16,15,NA,15,NA,NA,NA,NA,NA,78,71,NA,81,NA,NA,NA,NA,NA,403,403,NA,448,NA,NA,NA,NA,NA
"10001131","Female","White",1.64,"center",NA,51.8697,67.8533,NA,96.5804,NA,113.0434,112.3542,123.1704,138.2259,69.6849,77.2584,NA,118.785,NA,128.5718,133.109,145.4985,154.8879,49.834,NA,72.1544,NA,68.3358,76.2227,81.3806,87.9275,15,16,NA,16,NA,6.3411,7.666,7.4185,8.6469,99,105,NA,100,NA,98,114,94,105,462,476,NA,483,NA,489,516,496,516
"10001235","Male","Asian",NA,NA,NA,46.9982,54.6361,NA,79.126,NA,NA,115.8722,128.5415,133.6354,57.786,67.2214,NA,101.5698,NA,NA,122.0997,128.8147,151.7524,36.2351,NA,48.8572,NA,NA,69.2058,74.9962,86.1456,15,15,NA,18,NA,NA,7.4722,7.3585,6.9139,110,112,NA,102,NA,NA,120,123,118,470,483,NA,483,NA,NA,522,534,534
"10001258","Male","other",NA,NA,18,24.4413,47.1028,58.0588,64.3923,NA,NA,NA,NA,NA,40.0136,64.0665,67.2039,80.8664,NA,NA,NA,NA,NA,20.2856,20.5321,25.8342,NA,NA,NA,NA,NA,15,17,17,17,NA,NA,NA,NA,NA,NA,109,121,120,NA,NA,NA,NA,NA,403,462,489,496,NA,NA,NA,NA,NA
"10001315","Female","White",-0.511,"none",12,NA,59.0072,NA,NA,NA,NA,NA,NA,NA,NA,71.909,NA,NA,NA,NA,NA,NA,NA,37.9532,NA,NA,NA,NA,NA,NA,NA,NA,18,NA,NA,NA,NA,NA,NA,NA,NA,100,NA,NA,NA,NA,NA,NA,NA,NA,470,NA,NA,NA,NA,NA,NA,NA
"10001456","Male","Hispanic",-0.043,"center",28,34.5434,49.0453,54.6932,64.6233,58.8626,64.6079,93.6362,120.8552,118.4909,51.5872,70.4013,68.8623,75.6898,85.5878,101.4186,108.3194,115.3172,119.4177,30.2586,26.7874,32.5392,40.532,50.1965,56.6107,64.8055,66.3853,13,15,15,15,6.2647,6.7178,4.9457,8.5288,8.0605,113,102,123,98,98,90,92,107,98,462,462,496,470,476,470,483,509,502
"10001546","Female","Hispanic",-1.01,"none",45,18.4248,32.4761,48.3565,57.3391,52.4091,66.7428,70.8796,70.4273,NA,50.8709,49.9363,67.1841,72.9493,97.0152,96.5266,102.3803,114.5273,NA,24.9395,26.4147,27.4052,30.5629,35.1708,47.5657,45.8981,NA,15,15,10,13,3.25,6.5756,6.2208,6.9065,NA,77,70,60,81,86,96,81,95,NA,403,403,403,448,462,483,470,496,NA
"10001684","Female","White",0.7181,"center",4,40.6893,52.0773,NA,82.469,NA,88.5423,113.5862,106.8527,117.9667,57.0831,68.995,NA,99.0267,NA,113.0119,108.7166,126.5805,121.7717,36.2784,NA,48.1859,NA,51.3775,66.1468,73.4987,86.4491,17,15,NA,17,NA,6.6418,6.897,8.7662,8.4346,75,107,NA,97,NA,96,95,90,95,403,476,NA,476,NA,483,489,489,502
"10001685","Male","White",-0.164,"relative",27,30.5604,38.5099,NA,72.0927,NA,88.9602,109.8915,109.5511,117.7303,43.8575,69.9162,NA,107.9971,NA,107.4171,119.042,136.6711,126.429,38.3643,NA,44.8354,NA,63.5331,66.4306,69.6828,72.0428,15,15,NA,18,NA,7.2889,7.8707,7.1468,7.9589,71,98,NA,95,NA,84,88,74,79,403,470,NA,476,NA,470,483,470,483
"10001725","Female","White",-0.673,"center",26,40.2696,42.4029,40.192,67.0711,70.9099,77.7847,79.6611,89.8872,108.916,45.6864,57.4515,57.0146,84.5597,73.9366,80.4307,100.4799,123.0955,126.4933,37.7242,34.9336,38.6352,44.0387,55.7881,57.0589,62.2183,76.135,17,16,15,15,6.7953,6.0572,7.7414,7.6616,7.0724,98,99,104,98,111,96,95,110,97,448,462,476,476,496,483,489,516,502
"10001751","Male","White",-0.79,"center",26,26.8824,43.5527,38.6677,66.8062,70.0931,87.4083,111.4522,119.7698,130.1327,38.7756,61.4658,62.0645,100.1989,108.4556,118.4045,129.2894,136.9877,136.7092,25.7948,30.5035,35.4252,45.4586,53.2202,62.6056,75.7657,79.0347,14,15,15,18,5.5547,8.4665,7.5616,6.3005,7.1957,96,94,101,110,112,113,117,120,119,435,448,470,489,496,502,516,528,534
"10001826","Male","Hispanic",-1.14,"center",32,17.3621,27.6869,NA,NA,NA,NA,NA,NA,NA,43.5631,56.6566,NA,NA,NA,NA,NA,NA,NA,20.4322,NA,NA,NA,NA,NA,NA,NA,15,15,NA,NA,NA,NA,NA,NA,NA,70,81,NA,NA,NA,NA,NA,NA,NA,403,435,NA,NA,NA,NA,NA,NA,NA
"10001859","Female","Asian",0.3595,"relative",12,NA,NA,NA,35.3182,NA,60.5921,68.8618,81.7017,75.7331,NA,NA,NA,64.3315,NA,91.509,108.7266,123.106,132.8875,NA,NA,25.9543,NA,30.5619,41.7535,43.3141,58.9451,NA,NA,NA,6,NA,6.6938,7.307,8.1003,8.3391,NA,NA,NA,48,NA,99,54,74,53,NA,NA,NA,403,NA,489,435,470,448
"10001938","Female","Hispanic",-0.521,"center",27,34.1822,55.0627,62.411,63.8353,66.0045,95.9437,102.4315,105.6362,114.0059,52.2362,67.3604,73.7216,95.508,103.5756,110.1577,117.1423,130.3532,143.7123,29.7635,33.6378,42.2202,48.4849,47.728,54.9851,61.9386,72.2932,15,15,17,18,6.5876,5.9755,6.8551,7.9996,8.74839999999999,81,123,112,118,109,120,103,102,108,403,489,483,496,489,509,496,502,516
"10002058","Female","Black",NA,NA,10,40.452,42.3726,56.377,67.6548,64.5976,82.5208,76.8674,79.9169,86.9344,58.4002,82.1003,83.0771,91.8389,105.389,108.4502,109.6917,107.0111,125.2339,25.9841,26.2714,34.7704,35.4076,48.3878,37.698,47.8806,54.6343,6,10,16,14,3.875,6.9047,6.8971,7.5629,7.1589,86,88,84,79,75,70,64,59,53,426,448,448,448,448,448,448,448,448
"10002091","Female","White",-0.331,"center",24,23.69,32.3207,46.3444,63.6673,67.6736,70.9806,75.9427,79.7804,98.699,45.277,58.6967,87.2345,83.5213,102.9737,108.1264,114.4093,115.2757,139.4636,21.8608,26.5332,43.0974,40.0976,44.5838,57.1047,58.5999,71.1041,14,6,14,17,7.7632,7.8048,6.8055,8.6127,8.8648,78,99,94,108,77,91,90,76,115,403,462,462,489,448,476,483,470,528
"10002203","Female","White",1.266,"center",10,31.2767,42.1007,NA,68.0927,NA,95.1099,112.311,120.5951,128.5587,61.4018,73.0828,NA,109.1708,NA,114.7503,120.8403,139.9408,139.0575,35.1627,NA,45.1421,NA,63.4812,78.5394,73.3542,82.5001,15,16,NA,17,NA,6.8886,8.85,7.1043,8.0291,101,114,NA,61,NA,110,119,113,107,435,476,NA,403,NA,496,516,516,516
"10002242","Female","White",NA,NA,16,27.9202,NA,NA,NA,NA,NA,NA,NA,NA,44.1673,NA,NA,NA,NA,NA,NA,NA,NA,NA,NA,NA,NA,NA,NA,NA,NA,14,NA,NA,NA,NA,NA,NA,NA,NA,NA,NA,NA,NA,NA,NA,NA,NA,NA,403,NA,NA,NA,NA,NA,NA,NA,NA
"10002324","Female","other",0.215,"relative",12,29.861,28.8357,42.1007,52.2618,56.7195,58.0905,63.7906,87.0902,82.1382,42.866,54.3283,57.0519,59.4826,73.4216,88.7103,101.8497,98.5101,111.7782,20.8361,19.6944,19.0708,18.6102,23.7515,32.8977,33.3193,34.2638,14,7,6,16,6.9417,6.8552,7.9174,7.5617,7.0622,77,68,60,52,46,81,86,95,80,403,403,403,403,403,462,476,496,483
"10002392","Female","Hispanic",0.0448,"center",NA,NA,61.2752,NA,81.3400999999999,NA,100.5691,112.1322,116.8149,NA,NA,76.4583,NA,104.3166,NA,108.6827,122.4717,124.0479,NA,35.3608,NA,34.5853,NA,49.3481,65.6822,74.7582,NA,NA,14,NA,16,NA,8.3344,9.0813,8.539,NA,NA,127,NA,109,NA,116,119,122,NA,NA,496,NA,483,NA,502,516,528,NA
"10002533","Male","White",-0.978,"non-relative",24,41.6661,59.5894,NA,70.2102,NA,100.6908,109.7162,122.9951,142.3413,60.4405,75.528,NA,104.0569,NA,124.2121,124.586,144.5123,149.7498,35.1662,NA,46.5593,NA,52.1677,60.6183,75.3174,81.3412,15,15,NA,16,NA,6.7061,7.4536,7.6782,8.005,76,108,NA,119,NA,111,105,119,114,403,476,NA,502,NA,502,502,528,528
"10002549","Male","Black",-0.686,"none",25,26.8432,43.863,NA,63.3525,NA,70.749,80.5889,79.9788,80.3953,47.3001,70.3862,NA,74.4392,NA,90.0654,105.4105,111.8374,120.1803,29.429,NA,33.1726,NA,40.7319,44.0475,65.0611,58.0824,15,17,NA,17,NA,6.4913,7.0753,7.2781,7.5532,75,106,NA,97,NA,95,85,76,86,403,476,NA,476,NA,483,476,470,489
"10002552","Female","Hispanic",-0.734,"none",16,28.6286,41.9997,NA,56.5964,NA,71.0628,96.3253,97.4012999999999,114.8347,42.8617,69.729,NA,81.0874,NA,99.0854,110.0162,113.0276,133.2968,29.9574,NA,27.7783,NA,31.4607,48.2154,53.7757,71.6972,14,15,NA,18,NA,6.7006,7.0404,7.054,7.5997,81,105,NA,93,NA,94,102,106,107,403,462,NA,462,NA,476,496,509,516
"10002610","Male","White",0.6137,"center",3,NA,53.2751,60.1319,82.0458,85.1387,105.1553,121.4282,134.4548,142.6448,NA,83.1573,97.7038,114.6268,116.3603,138.1253,130.6845,148.2232,156.8242,45.3016,45.689,48.9004,54.1793,53.4784,79.8517,81.836,87.1862,NA,15,18,17,4,7.7984,8.6806,8.0317,8.4315,NA,95,105,106,102,79,104,94,105,NA,462,483,489,489,462,502,496,516
"10002622","Male","Black",NA,NA,NA,30.2206,54.6433,NA,74.8695,NA,87.9024999999999,111.3985,119.935,112.9774,47.9859,49.7097,NA,84.2635,NA,106.2021,113.3608,122.749,131.1979,27.13,NA,39.144,NA,37.5332,60.1705,65.4627,64.119,14,17,NA,17,NA,6.3589,8.1353,7.1261,8.5197,71,88,NA,91,NA,104,88,84,74,403,448,NA,470,NA,496,483,483,476
"10002744","Female","Black",-0.453,"none",NA,23.276,NA,NA,NA,NA,NA,NA,NA,NA,44.5729,NA,NA,NA,NA,NA,NA,NA,NA,NA,NA,NA,NA,NA,NA,NA,NA,6,NA,NA,NA,NA,NA,NA,NA,NA,81,NA,NA,NA,NA,NA,NA,NA,NA,403,NA,NA,NA,NA,NA,NA,NA,NA
"10002902","Female","White",-0.518,"none",15,30.2673,52.6362,52.6737,65.6055,73.7843,84.4595,103.5207,117.2107,122.9025,53.9401,68.1848,71.2328,85.4726999999999,82.8296,109.372,120.1719,122.0744,143.0278,36.8708,36.6945,46.6732,41.0006,52.6877,55.9968,64.7271,82.3108,15,17,18,16,7.504,6.4642,6.9564,7.3812,7.7234,94,89,86,80,90,115,85,105,110,448,448,448,448,470,509,476,509,522
"10002934","Female","Asian",0.6596,"center",8,19.6695,12.9346,NA,43.0395,NA,87.6197,83.3058,110.0708,128.6659,46.9808,49.0959,NA,NA,NA,86.6415,120.2454,128.0096,133.8628,25.9634,NA,46.8861,NA,38.3823,71.1958,65.984,78.0602,15,17,NA,18,NA,7.5947,7.3769,8.1677,8.125,80,74,NA,56,NA,41,34,120,21,403,403,NA,403,NA,403,403,528,403
"10002948","Male","White",-0.423,"center",22,37.3814,51.1213,65.007,85.4628,79.9422,99.6936,120.1877,116.1324,125.165,56.8162,64.4702,86.3631999999999,99.105,106.5843,127.3413,127.8451,131.2715,149.2051,39.2321,40.6867,45.5126,47.8595,53.0192,62.4462,73.2359,82.687,17,17,16,18,7.9971,6.629,7.3682,7.6806,8.1067,102,97,84,100,103,110,104,99,114,462,462,448,483,489,502,502,502,528
"10002949","Male","Hispanic",-0.488,"center",10,27.4052,30.2249,NA,61.9945,NA,72.545,78.6458,93.1869,93.4632,41.1706,52.3705,NA,72.1235,NA,93.1983,107.4397,107.4199,126.2358,27.1696,NA,34.876,NA,42.5483,44.0008,49.4692,72.8009,15,15,NA,15,NA,5.7338,6.2355,7.2075,7.2553,75,83,NA,73,NA,100,80,96,76,403,435,NA,435,NA,489,470,496,476
"10003000","Female","Hispanic",-0.432,"relative",23,NA,38.5271,55.9031,64.7673,69.3261,71.4325,87.5898,106.7482,100.905,NA,67.4402,72.1072,85.8784,98.326,105.6365,108.7606,122.8372,126.4684,22.2045,23.0593,28.0749,30.643,34.9751,54.6795,48.6471,56.4928,NA,16,14,14,5.4816,6.3268,6.6528,7.47,7.3114,NA,118,113,103,114,116,104,108,99,NA,483,483,476,496,502,496,509,502
"10003048","Male","White",NA,NA,30,29.5319,37.8392,NA,66.3714,NA,NA,NA,NA,NA,52.5015,64.0988,NA,76.2722,NA,NA,NA,NA,NA,37.8455,NA,43.7992,NA,NA,NA,NA,NA,15,14,NA,14,NA,NA,NA,NA,NA,76,92,NA,100,NA,NA,NA,NA,NA,403,448,NA,476,NA,NA,NA,NA,NA
"10003176","Female","White",-0.006,"center",15,38.8829,45.5775,NA,74.8847,NA,93.2617,NA,NA,NA,55.0686,56.4735,NA,93.1668,NA,118.9896,NA,NA,NA,34.9451,NA,39.6562,NA,53.892,NA,NA,NA,13,15,NA,17,NA,7.8236,NA,NA,NA,113,108,NA,80,NA,117,NA,NA,NA,476,476,NA,448,NA,509,NA,NA,NA
"10003242","Male","White",NA,NA,15,NA,46.8232,NA,63.6571,NA,94.0781,109.7099,119.4451,123.1389,NA,73.5231,NA,108.8994,NA,118.643,119.9785,131.8168,133.7746,37.4294,NA,42.3417,NA,44.4842,62.7898,65.974,73.1355,NA,15,NA,16,NA,6.6974,6.1226,6.8713,6.7577,NA,102,NA,98,NA,111,99,105,101,NA,470,NA,476,NA,502,496,509,509
"10003251","Female","Hispanic",-0.793,"center",32,17.7518,28.5631,43.2592,51.1144,62.3632,75.9174,87.5145,72.8043,91.0752,39.6073,52.1473,61.8061,74.1925,81.4615,93.7593,117.527,114.8338,129.9784,28.32,23.3655,29.056,41.4066,40.1705,42.0111,60.0729,65.1113,17,15,13,16,4,6.9659,6.9586,7.2574,8.1594,79,75,90,101,98,90,107,92,88,403,403,448,476,476,470,502,489,489
"10003286","Female","other",-0.77,"center",36,31.1598,48.0003,NA,67.4197,NA,85.4989,107.7453,120.3328,128.9525,63.3435,78.5867,NA,98.734,NA,119.2965,126.3065,125.2756,129.6953,27.531,NA,30.065,NA,58.0117,64.1772,67.3251,72.6539,6,17,NA,18,NA,6.8681,7.3272,8.2177,8.3847,81,111,NA,85,NA,103,107,92,98,403,470,NA,448,NA,489,502,489,502
"10003385","Female","White",-0.528,"relative",26,22.0456,41.1628,NA,67.9527,NA,71.624,80.329,74.1094,86.9771,40.5479,64.7132,NA,86.323,NA,107.0373,117.2134,122.4044,138.0918,32.0398,NA,33.651,NA,37.9189,48.8102,66.9601,77.5882,15,15,NA,15,NA,7.7019,7.0774,8.1193,7.2107,105,121,NA,97,NA,124,112,83,102,448,489,NA,470,NA,516,509,476,509
"10003496","Male","White",-0.58,"none",NA,44.0497,52.9905,NA,NA,NA,NA,NA,NA,NA,52.0111,58.7467,NA,NA,NA,NA,NA,NA,NA,27.5714,NA,NA,NA,NA,NA,NA,NA,18,17,NA,NA,NA,NA,NA,NA,NA,94,105,NA,NA,NA,NA,NA,NA,NA,435,470,NA,NA,NA,NA,NA,NA,NA
"10003541","Male","other",-0.75,"center",23,32.8527,38.3797,44.9873,55.5625,62.19,71.8737,90.3616,104.0351,112.4425,41.3287,56.1348,67.5983,72.4397,70.495,84.4309,93.0554,108.1083,106.5842,32.1468,47.1191,49.7781,51.4967,45.4632,58.0606,74.8424,78.308,16,15,16,13,5.1795,6.4666,6.798,6.2651,7.2497,80,72,81,91,97,97,91,71,87,403,403,435,462,476,483,483,462,489
"10003613","Male","White",-0.605,"none",23,48.0254,56.9782,NA,84.6448,NA,101.2751,121.127,132.1658,129.0212,42.2394,68.2606,NA,105.6101,NA,122.7689,121.7002,140.2925,140.2194,36.7165,NA,40.6442,NA,52.2335,67.2629,76.2737,80.9029,14,16,NA,18,NA,6.2698,7.4931,7.913,8.4035,118,106,NA,110,NA,108,102,111,111,476,470,NA,489,NA,496,496,516,522
"10003623","Female","White",-0.048,"center",14,41.3566,53.6076,NA,NA,NA,NA,NA,NA,NA,71.4435,109.2306,NA,NA,NA,NA,NA,NA,NA,36.5836,NA,NA,NA,NA,NA,NA,NA,15,16,NA,NA,NA,NA,NA,NA,NA,118,105,NA,NA,NA,NA,NA,NA,NA,470,462,NA,NA,NA,NA,NA,NA,NA
"10003798","Male","White",-0.944,"relative",22,21.357,21.9599,16.2003,29.2214,35.1072,32.1391,66.1839,76.5371,82.6322,48.1038,44.1977,49.2755,61.1128,64.983,73.8539,89.0138,98.3453,105.2707,27.2828,31.8436,37.957,43.4917,30.892,47.4097,51.696,52.8499,7,16,10,15,5.7801,2.25,6.7963,7.9349,8.1553,NA,75,68,60,51,44,35,62,57,403,403,403,403,403,403,403,448,448
"10003960","Female","White",-0.844,"none",3,33.3759,37.9629,52.9506,65.2811,73.823,89.3802,90.9376,99.3592,125.6663,47.9675,62.5001,70.0677,95.8444,112.8394,107.782,129.9562,136.7527,144.127,31.275,39.4157,45.3369,52.6213,52.6249,67.7407,65.4694,75.2803,14,15,13,16,7.0502,7.1033,7.8979,8.671,9.2,76,74,107,51,54,99,94,85,80,403,419,483,403,419,489,489,483,483
"10003991","Female","White",0.0776,"none",19,35.4814,68.1575,NA,91.9123,NA,NA,NA,NA,NA,60.0826,109.035,NA,121.9549,NA,NA,NA,NA,NA,42.399,NA,57.3258,NA,NA,NA,NA,NA,18,18,NA,17,NA,NA,NA,NA,NA,94,88,NA,77,NA,NA,NA,NA,NA,448,448,NA,448,NA,NA,NA,NA,NA
"10004130","Male","Hispanic",0.0943,"center",16,29.9743,NA,NA,NA,NA,NA,NA,NA,NA,43.3219,NA,NA,NA,NA,NA,NA,NA,NA,NA,NA,NA,NA,NA,NA,NA,NA,16,NA,NA,NA,NA,NA,NA,NA,NA,80,NA,NA,NA,NA,NA,NA,NA,NA,403,NA,NA,NA,NA,NA,NA,NA,NA
"10004135","Male","Black",0.0426,NA,20,NA,54.9839,NA,68.279,NA,74.4974,92.7585,109.2077,120.8949,NA,65.0266,NA,88.4263,NA,118.5294,127.7689,123.509,125.5385,37.7785,NA,51.2534,NA,49.7053,57.3158,67.1182,71.2509,NA,15,NA,16,NA,3.875,7.4459,7.4978,7.7305,NA,114,NA,98,NA,104,132,107,88,NA,476,NA,470,NA,489,534,509,489
"10004232","Female","Hispanic",-0.152,"non-relative",41,35.347,39.0292,NA,NA,57.2882,54.7504,78.9229,83.9433,95.5163,59.0145,60.8444,NA,NA,94.9602,96.4179999999999,120.0731,122.4506,123.4188,34.5057,NA,NA,44.4224,42.7301,52.8442,63.868,68.3751,14,15,NA,NA,6.8286,5.998,7.3091,7.6177,6.6449,80,87,NA,NA,76,82,95,81,81,410,435,NA,NA,448,462,489,476,483
"10004234","Male","other",0.9662,NA,NA,23.3534,NA,NA,NA,NA,NA,NA,NA,NA,43.3372,NA,NA,NA,NA,NA,NA,NA,NA,NA,NA,NA,NA,NA,NA,NA,NA,13,NA,NA,NA,NA,NA,NA,NA,NA,81,NA,NA,NA,NA,NA,NA,NA,NA,403,NA,NA,NA,NA,NA,NA,NA,NA
"10004265","Female","Black",0.0388,"relative",10,25.8854,37.5713,64.1747,63.9832,68.0793,75.2594,97.1854,99.3615,112.465,44.4639,60.3495,66.4013,101.469,101.1973,112.3063,111.1853,138.6938,145.6677,33.0656,30.9535,40.325,49.3548,56.2743,62.4643,72.5497,85.6664,15,16,16,17,6.5414,6.0807,6.2912,7.3141,6.5931,75,75,92,97,83,90,74,59,85,403,419,462,476,462,476,462,448,489
"10004267","Male","White",-0.795,"center",31,27.7779,53.1504,NA,69.9733,NA,96.0116999999999,NA,NA,NA,48.044,61.0389,NA,86.2828,NA,107.4707,NA,NA,NA,38.3888,NA,39.3377,NA,51.3285,NA,NA,NA,16,15,NA,16,NA,5.7002,NA,NA,NA,71,87,NA,76,NA,85,NA,NA,NA,403,448,NA,448,NA,470,NA,NA,NA
"10004324","Male","White",-0.844,"center",31,48.6789,57.9638,NA,83.9739,NA,NA,NA,NA,NA,60.2163,69.0664,NA,88.6016,NA,NA,NA,NA,NA,44.3051,NA,53.391,NA,NA,NA,NA,NA,14,15,NA,6,NA,NA,NA,NA,NA,108,90,NA,88,NA,NA,NA,NA,NA,470,448,NA,462,NA,NA,NA,NA,NA
"10004346","Female","Black",-1.02,"center",38,51.3557,59.2894,NA,NA,NA,NA,NA,NA,NA,65.9111,75.3013,NA,NA,NA,NA,NA,NA,NA,37.1619,NA,NA,NA,NA,NA,NA,NA,14,15,NA,NA,NA,NA,NA,NA,NA,112,104,NA,NA,NA,NA,NA,NA,NA,483,476,NA,NA,NA,NA,NA,NA,NA
"10004377","Male","White",-0.819,"center",NA,40.1554,49.2218,NA,79.8098,NA,NA,NA,NA,NA,54.321,66.5373,NA,109.2469,NA,NA,NA,NA,NA,42.0706,NA,56.066,NA,NA,NA,NA,NA,17,15,NA,17,NA,NA,NA,NA,NA,102,72,NA,100,NA,NA,NA,NA,NA,448,403,NA,476,NA,NA,NA,NA,NA
"10004389","Female","White",0.8692,"center",NA,36.5645,49.2975,NA,65.7409,NA,NA,NA,NA,NA,55.3893,69.3663,NA,108.9699,NA,NA,NA,NA,NA,30.2134,NA,36.4004,NA,NA,NA,NA,NA,16,15,NA,15,NA,NA,NA,NA,NA,74,89,NA,97,NA,NA,NA,NA,NA,403,448,NA,476,NA,NA,NA,NA,NA
"10004399","Male","White",2.011,"center",25,35.3606,39.7409,NA,NA,NA,NA,NA,NA,NA,51.8895,72.5813,NA,NA,NA,NA,NA,NA,NA,39.1203,NA,NA,NA,NA,NA,NA,NA,6,6,NA,NA,NA,NA,NA,NA,NA,88,79,NA,NA,NA,NA,NA,NA,NA,426,419,NA,NA,NA,NA,NA,NA,NA
"10004591","Female","Black",NA,NA,38,20.2611,24.3831,NA,32.3922,NA,50.1713,53.3984,60.0474,NA,40.9295,49.2238,NA,57.0457,NA,70.2126,82.0536,94.5339,NA,19.4318,NA,19.2223,NA,33.33,23.3826,32.2639,NA,8,13,NA,17,NA,2.375,2.125,3.25,NA,80,75,NA,64,NA,44,35,46,NA,403,403,NA,410,NA,403,403,426,NA
"10004733","Female","Hispanic",-0.662,"none",17,28.3632,52.5753,NA,NA,NA,NA,NA,NA,NA,49.649,71.3933,NA,NA,NA,NA,NA,NA,NA,31.6254,NA,NA,NA,NA,NA,NA,NA,15,15,NA,NA,NA,NA,NA,NA,NA,74,99,NA,NA,NA,NA,NA,NA,NA,403,470,NA,NA,NA,NA,NA,NA,NA
"10004767","Male","White",-0.165,"center",NA,49.4559,63.0436,NA,95.7239,NA,112.283,129.29,135.7768,141.548,52.0815,70.2527,NA,113.4912,NA,133.5655,144.4072,152.7039,158.0935,47.6438,NA,52.7308,NA,65.4155,76.0983,69.483,81.3631,7,17,NA,18,NA,7.5523,7.236,6.9436,8.4834,103,115,NA,105,NA,103,107,107,102,448,483,NA,483,NA,489,502,509,509
"10004824","Female","Hispanic",NA,NA,31,33.4296,60.248,76.2928,94.3156,98.1332,116.2033,120.2454,122.7033,138.8322,46.8645,67.2083,88.8696,104.4572,120.9755,132.2378,134.8073,149.414,146.332,31.927,32.9397,50.9662,64.2704,62.0601,74.4724,77.8301,86.0571,16,16,16,17,6.5153,7.9617,6.9918,7.8367,7.3747,75,71,97,101,83,116,109,109,100,403,410,470,483,462,509,509,516,509
"10004837","Male","White",0.9711,"center",5,NA,82.7908,NA,NA,NA,NA,NA,NA,NA,NA,81.6848,NA,NA,NA,NA,NA,NA,NA,32.3003,NA,NA,NA,NA,NA,NA,NA,NA,17,NA,NA,NA,NA,NA,NA,NA,NA,107,NA,NA,NA,NA,NA,NA,NA,NA,476,NA,NA,NA,NA,NA,NA,NA
"10004843","Male","Hispanic",-1.25,"none",38,NA,NA,NA,NA,NA,NA,NA,NA,NA,NA,NA,NA,NA,NA,NA,NA,NA,NA,NA,NA,NA,NA,NA,NA,NA,NA,NA,NA,NA,NA,NA,NA,NA,NA,NA,NA,NA,NA,NA,NA,NA,NA,NA,NA,NA,NA,NA,NA,NA,NA,NA,NA,NA
"10004849","Male","White",0.1634,"center",15,51.5787,74.7876,NA,NA,NA,NA,NA,NA,NA,74.0642,76.3146,NA,NA,NA,NA,NA,NA,NA,45.6239,NA,NA,NA,NA,NA,NA,NA,17,18,NA,NA,NA,NA,NA,NA,NA,104,98,NA,NA,NA,NA,NA,NA,NA,470,470,NA,NA,NA,NA,NA,NA,NA
"10004872","Male","other",-0.066,"center",13,13.3123,27.0497,NA,NA,NA,NA,NA,NA,NA,39.4163,56.6408,NA,NA,NA,NA,NA,NA,NA,29.468,NA,NA,NA,NA,NA,NA,NA,15,18,NA,NA,NA,NA,NA,NA,NA,80,108,NA,NA,NA,NA,NA,NA,NA,403,470,NA,NA,NA,NA,NA,NA,NA
"10004974","Female","Hispanic",0.0094,"relative",19,NA,60.664,NA,69.4087,NA,95.2253,121.6342,124.4374,132.914,NA,69.9683,NA,110.7168,NA,117.9676,126.6572,131.708,132.4855,31.482,NA,49.9715,NA,59.4768,58.1709,76.6153,81.5799,NA,17,NA,18,NA,6.7425,7.2873,6.2681,7.5944,NA,108,NA,102,NA,96,105,115,101,NA,476,NA,483,NA,483,502,522,509
"10004988","Male","White",-0.592,"none",38,33.9333,42.12,NA,48.2606,NA,60.7781,75.9376,67.7367,68.4011,56.7331,61.8867,NA,70.5891,NA,77.2214,78.5304,94.015,88.4679,28.7271,NA,36.1594,NA,45.5141,45.6049,42.0328,44.4813,15,17,NA,15,NA,6.6989,7.412,6.7283,6.7241,70,61,NA,76,NA,78,83,78,63,403,403,NA,448,NA,462,476,476,462
"10005035","Male","White",-1.56,"center",15,43.8052,67.754,NA,91.1063,NA,115.0969,121.3193,112.9324,130.6705,58.5601,74.8941,NA,96.4132999999999,NA,115.2446,108.449,124.3683,131.6189,27.6525,NA,35.4322,NA,51.3443,57.6277,45.7115,72.8933,16,18,NA,17,NA,7.7039,7.4657,8.3182,8.7222,91,112,NA,115,NA,77,83,93,94,448,489,NA,502,NA,462,476,496,502
"10005386","Male","Black",-0.047,"relative",28,41.1586,58.9092,NA,NA,NA,NA,NA,NA,NA,56.975,61.6642,NA,NA,NA,NA,NA,NA,NA,36.6103,NA,NA,NA,NA,NA,NA,NA,15,16,NA,NA,NA,NA,NA,NA,NA,116,113,NA,NA,NA,NA,NA,NA,NA,462,470,NA,NA,NA,NA,NA,NA,NA
"10005504","Male","White",0.2353,"center",12,51.7742,61.9194,NA,NA,NA,NA,NA,NA,NA,68.5921,76.8474,NA,NA,NA,NA,NA,NA,NA,50.0072,NA,NA,NA,NA,NA,NA,NA,18,18,NA,NA,NA,NA,NA,NA,NA,109,108,NA,NA,NA,NA,NA,NA,NA,462,470,NA,NA,NA,NA,NA,NA,NA
"10005524","Male","Asian",1.194,NA,12,NA,39.5269,NA,NA,NA,NA,NA,NA,NA,NA,51.4752,NA,NA,NA,NA,NA,NA,NA,24.4556,NA,NA,NA,NA,NA,NA,NA,NA,17,NA,NA,NA,NA,NA,NA,NA,NA,77,NA,NA,NA,NA,NA,NA,NA,NA,403,NA,NA,NA,NA,NA,NA,NA
"10005571","Male","Black",-0.265,"relative",31,25.1749,39.2355,NA,60.0232,NA,71.5039,85.9389,106.6201,118.7587,49.8179,52.1588,NA,74.2045,NA,82.8562,96.1301,123.8802,106.247,30.1779,NA,37.1482,NA,46.4062,47.5173,53.2666,57.2316,15,17,NA,17,NA,6.6005,7.6183,7.4252,6.918,82,106,NA,90,NA,88,96,96,92,410,470,NA,462,NA,470,489,496,496
"10005787","Male","Hispanic",-0.565,"none",37,28.3353,48.0665,58.3515,81.066,84.7268,97.8994,106.7482,112.0314,130.0608,49.706,52.8159,73.91,86.775,96.7919,104.6189,107.4991,122.8729,124.138,21.7447,26.5324,31.2489,36.8868,43.7265,41.3092,48.7553,65.2284,15,16,16,18,6.1882,6.9213,7.166,7.6977,8.1856,77,79,98,90,91,101,96,86,92,403,419,470,462,470,489,489,483,496
"10005868","Female","Black",-1.09,"relative",23,17.209,31.7583,NA,54.3296,NA,52.7065,69.1082,76.9944,79.8608,40.1657,57.8017,NA,87.4881999999999,NA,109.2741,113.5339,119.6781,108.5507,32.8668,NA,31.0758,NA,36.2724,39.8112,52.3966,51.276,13,14,NA,13,NA,2.125,7.2598,6.1385,7.3494,80,89,NA,92,NA,83,76,77,77,403,435,NA,462,NA,462,462,470,476
"10005897","Male","White",0.3114,"center",13,18.8358,39.204,NA,66.0934,NA,82.2691,92.0736,102.6469,112.1836,44.2443,69.9435,NA,97.5502,NA,105.3522,132.4698,124.4144,145.3934,29.0596,NA,46.326,NA,49.1672,49.8719,64.8423,76.7404,5,10,NA,16,NA,7.3835,7.4829,8.3746,9.72779999999999,NA,95,NA,108,NA,96,109,108,118,403,435,NA,483,NA,476,502,509,528
"10005906","Female","Asian",-0.449,"center",15,34.4711,41.5068,51.8651,69.2711,74.1247,93.2027,108.2423,117.8165,127.5173,49.6901,70.0055,70.9151,87.636,114.7166,103.2767,119.6172,124.5525,132.1086,20.3287,29.0651,31.4648,38.873,44.4239,47.2827,52.3107,77.256,15,17,15,15,6.2712,6.9824,7.9243,8.2652,7.9269,108,121,111,124,98,95,115,109,105,470,496,489,509,483,483,516,516,516
"10006060","Male","White",NA,NA,10,25.0605,39.3521,38.9004,55.9463,69.7346,69.2437,83.5599,100.3294,109.4716,45.4997,53.5505,70.5153,94.1831,104.2698,117.4348,109.5951,120.9013,123.3348,32.0823,39.8729,41.464,42.5915,53.7416,59.0443,55.325,62.2216,16,15,17,18,5.9188,6.1134,7.353,8.6849,7.0482,NA,117,119,114,108,111,104,98,103,403,476,489,489,489,496,496,496,509
"10006076","Male","White",-0.049,"center",34,NA,39.8012,49.4123,68.0173,64.3565,79.8727,102.6403,96.2802,107.2551,NA,61.8162,67.3737,79.1076,87.4841,98.4715,102.6194,114.0207,111.7312,44.0716,32.337,41.2963,48.4272,51.3828,62.7043,58.5232,68.3364,NA,15,16,17,7.1886,7.205,7.486,8.4576,8.6229,NA,53,105,92,94,101,81,86,73,NA,403,489,476,483,496,476,489,476
"10006090","Male","other",-0.075,"none",32,26.8394,37.5085,54.8099,58.1953,60.0405,62.9602,91.8413,94.5858,108.3625,43.1997,62.6611,64.7446,79.136,79.4348,99.1539,100.9279,108.7726,123.4356,22.6416,22.8299,28.4159,36.3399,35.7184,41.2053,44.101,52.0608,14,14,6,17,2.25,7.1487,7.3233,6.4666,7.8458,80,75,67,63,66,55,107,112,102,403,403,403,410,426,419,502,516,509
"10006287","Male","Hispanic",NA,NA,25,NA,56.5699,NA,71.0486,NA,83.5585,NA,NA,NA,NA,64.0722,NA,97.6365,NA,114.8232,NA,NA,NA,34.508,NA,41.1864,NA,49.4708,NA,NA,NA,NA,15,NA,16,NA,7.6036,NA,NA,NA,NA,100,NA,105,NA,97,NA,NA,NA,NA,462,NA,483,NA,483,NA,NA,NA
"10006334","Male","Hispanic",-0.761,"none",18,25.2778,32.13,NA,64.8085,NA,70.3137,83.0329,100.2671,88.772,42.693,54.1104,NA,69.7437,NA,83.4062,96.9927,102.829,107.1749,28.4098,NA,33.1239,NA,30.0726,47.3024,43.8805,41.013,6,15,NA,14,NA,5.852,7.622,8.7528,7.8746,75,67,NA,80,NA,72,74,95,76,403,403,NA,448,NA,448,462,496,476
"10006407","Male","Hispanic",0.0362,"none",51,34.1757,46.213,55.9847,70.3305,64.6773,73.5734,94.7187,102.0572,120.2533,48.0382,64.131,88.4597,94.7663,102.1926,107.9379,107.3744,130.1478,137.5931,21.5566,21.1052,23.0256,26.199,43.4108,37.0851,61.7101,64.1905,13,14,15,13,7.0971,6.2361,7.0686,7.9058,7.1407,115,108,106,106,93,108,107,116,102,470,470,476,483,470,496,502,522,509
"10006512","Male","White",-0.845,"none",31,35.9043,53.0587,NA,69.1147,NA,83.9669,93.6564,121.7886,117.9867,49.7134,68.7986,NA,77.9763,NA,114.1114,118.243,131.613,127.9171,41.2615,NA,47.8839,NA,53.4037,55.2851,65.8431,69.7969,14,18,NA,17,NA,5.9297,7.3682,7.0139,7.8528,98,112,NA,90,NA,92,92,108,99,462,489,NA,470,NA,483,489,516,509
"10006540","Male","Black",NA,NA,38,20.4325,32.9239,NA,60.7979,NA,71.3213,NA,NA,NA,47.9404,58.9412,NA,79.8436,NA,96.1918,NA,NA,NA,27.9738,NA,27.7009,NA,34.7132,NA,NA,NA,14,15,NA,15,NA,3.875,NA,NA,NA,80,83,NA,77,NA,76,NA,NA,NA,403,419,NA,435,NA,448,NA,NA,NA
"10006601","Male","White",0.8701,"center",NA,NA,45.3159,NA,70.3277,NA,94.0386,100.7607,130.853,119.3155,NA,67.261,NA,107.1869,NA,125.6892,129.4885,137.0166,136.3686,36.915,NA,48.7427,NA,57.4542,63.2881,70.2194,74.836,NA,17,NA,17,NA,6.5331,6.843,8.3089,8.3381,NA,107,NA,78,NA,80,89,94,114,NA,476,NA,448,NA,462,483,496,528
"10006602","Male","other",-0.83,"none",22,27.6609,45.2303,52.9294,77.7144,NA,86.5793,99.9642,NA,NA,53.5022,73.2774,85.2234,112.8116,NA,119.3875,123.4272,NA,NA,41.4976,48.7427,52.1731,NA,63.4419,69.6123,NA,NA,15,17,16,16,NA,8.3099,8.6846,NA,NA,110,111,102,88,NA,80,109,NA,NA,470,483,476,462,NA,462,509,NA,NA
"10006605","Male","other",-0.673,"none",20,NA,59.5058,NA,73.3543,NA,99.2564,111.7493,125.7247,125.9369,NA,59.9245,NA,82.311,NA,108.488,125.0439,128.2313,138.9853,48.952,NA,55.3568,NA,63.3052,66.2241,75.5683,89.298,NA,16,NA,15,NA,7.041,6.1546,7.911,7.8722,NA,88,NA,101,NA,105,99,99,100,NA,448,NA,483,NA,496,496,502,509
"10006608","Female","White",0.1626,"center",10,30.3893,52.7698,NA,NA,NA,NA,NA,NA,NA,53.7825,75.5913,NA,NA,NA,NA,NA,NA,NA,34.3279,NA,NA,NA,NA,NA,NA,NA,17,18,NA,NA,NA,NA,NA,NA,NA,99,72,NA,NA,NA,NA,NA,NA,NA,448,410,NA,NA,NA,NA,NA,NA,NA
"10006675","Female","White",-0.197,"center",24,39.8153,53.5485,NA,69.1723,NA,88.2685,104.8098,96.6023,NA,57.1555,65.9525,NA,97.1867,NA,113.0731,110.4488,126.8417,NA,34.2198,NA,42.8749,NA,48.1892,56.5426,64.2804,NA,15,15,NA,16,NA,7.5303,8.2177,6.8808,NA,105,115,NA,107,NA,104,98,97,NA,448,476,NA,483,NA,489,489,496,NA
"10006679","Female","White",0.9313,"center",3,NA,32.5862,47.4009,72.8837,77.6825,72.8632,93.6025,105.6319,115.741,NA,54.8597,56.6348,85.109,89.7323,99.5909,101.1148,122.5221,131.2974,28.1757,27.7485,31.1687,30.7195,39.6709,36.3922,55.1319,64.0757,NA,15,17,18,5.9176,7.1308,7.8613,8.0797,8.0518,NA,79,95,120,83,111,109,93,108,NA,403,448,496,448,496,502,489,516
"10006834","Male","White",-0.33,"none",23,51.7044,83.5374,NA,109.3202,NA,120.0531,128.7137,132.971,143.1557,62.9322,97.901,NA,106.1597,NA,128.1555,149.0853,148.6036,152.8474,43.1602,NA,54.318,NA,63.9751,75.6679,78.6625,87.1342,17,18,NA,18,NA,7.3407,6.9332,7.9491,8.4806,110,108,NA,108,NA,101,100,100,86,470,476,NA,489,NA,489,496,502,489
"10006899","Male","White",0.5141,"center",16,41.4009,71.9514,79.6085,94.4623,111.7876,118.0483,128.9659,134.8931,137.4217,55.3547,90.5126,100.9716,115.6441,126.955,134.7887,138.6868,152.1616,152.3159,48.2416,49.2911,55.6952,67.7636,64.6202,75.5057,82.0461,87.6394,14,16,14,17,5.6315,6.7962,7.0827,7.7197,8.2147,95,100,100,112,93,70,89,94,114,448,470,476,496,476,448,483,496,528
"10006902","Female","White",-0.156,"non-relative",NA,30.2914,46.93,NA,65.6576,NA,NA,NA,NA,NA,52.7496,62.6981,NA,89.8773,NA,NA,NA,NA,NA,25.785,NA,35.2104,NA,NA,NA,NA,NA,14,16,NA,14,NA,NA,NA,NA,NA,101,99,NA,94,NA,NA,NA,NA,NA,435,448,NA,462,NA,NA,NA,NA,NA
"10006927","Female","White",-0.303,"none",3,56.9298,64.3539,89.1719,104.3264,97.6294,120.4926,128.0466,133.1087,142.2958,95.0018,102.9378,119.8483,121.9378,129.9542,143.2005,153.9832,148.4534,156.8821,41.2017,47.4548,63.4709,50.4569,63.0157,79.2557,82.6644,88.0987,15,18,18,18,7.4275,7.632,7.3747,8.3815,8.2206,125,124,114,98,109,95,109,103,94,483,489,483,470,489,476,502,502,496
"10006985","Male","White",0.4637,"center",8,63.9628,82.3621,NA,118.6499,NA,130.3334,138.8024,137.7338,145.8748,61.0967,90.4005,NA,134.2242,NA,137.618,146.0252,149.2349,158.3117,40.3182,NA,66.4367,NA,72.6413,81.5508,86.4316999999999,89.4829,15,18,NA,17,NA,7.0911,8.23479999999999,8.8056,3.375,119,102,NA,96,NA,124,117,117,120,476,462,NA,470,NA,516,516,522,534
"10006994","Male","White",-0.318,"center",6,32.2479,45.4692,NA,83.2049,NA,98.1373,113.3331,NA,NA,52.3993,59.8319,NA,80.9289,NA,120.8445,126.1589,NA,NA,40.8833,NA,46.4929,NA,61.9924,65.1564,NA,NA,16,16,NA,16,NA,3.875,7.6767,NA,NA,98,84,NA,98,NA,72,65,NA,NA,448,435,NA,476,NA,448,448,NA,NA
"10007069","Male","Black",-0.398,"center",NA,35.9842,80.7361,NA,NA,NA,NA,NA,NA,NA,53.1362,61.8162,NA,NA,NA,NA,NA,NA,NA,29.8427,NA,NA,NA,NA,NA,NA,NA,15,14,NA,NA,NA,NA,NA,NA,NA,110,102,NA,NA,NA,NA,NA,NA,NA,448,448,NA,NA,NA,NA,NA,NA,NA
"10007124","Male","Black",-0.426,"center",NA,38.7916,65.1285,NA,75.3328,NA,83.6779,109.0063,120.3925,123.2945,53.0139,66.9374,NA,114.0555,NA,118.1378,124.8495,115.7433,134.539,33.4271,NA,36.9532,NA,53.5039,61.8732,67.1956,73.2326,15,10,NA,17,NA,8.0547,7.3153,8.5127,8.755,99,118,NA,100,NA,76,102,92,88,435,483,NA,476,NA,448,496,489,489
"10007163","Female","Hispanic",-0.866,"center",45,45.8486,50.2105,54.748,63.4082,67.425,81.0626999999999,104.7081,120.4918,115.8783,69.4679,71.238,94.3754,103.1225,103.948,123.1556,117.3952,126.0196,129.2691,31.1917,41.8353,40.3141,44.7747,49.8866,60.8052,66.4575,74.8522,15,16,10,10,4,7.0038,7.861,7.6977,7.4019,121,105,91,112,119,109,93,97,98,476,462,448,489,502,496,483,496,502
"10007243","Male","White",1.246,"non-relative",NA,42.5504,58.8357,NA,NA,NA,NA,NA,NA,NA,52.3926,62.3837,NA,NA,NA,NA,NA,NA,NA,38.7962,NA,NA,NA,NA,NA,NA,NA,15,18,NA,NA,NA,NA,NA,NA,NA,102,115,NA,NA,NA,NA,NA,NA,NA,448,483,NA,NA,NA,NA,NA,NA,NA
"10007421","Female","White",-0.068,"center",9,28.9289,31.9301,34.3679,52.3997,55.7375,61.8043,72.0406,87.7512,107.253,45.0082,49.3139,53.5908,69.2434,72.78,88.3721999999999,104.2174,125.0083,130.7826,32.8915,32.2229,33.4249,34.0639,38.0803,47.1892,49.3694,61.0443,15,14,8,15,2.125,7.707,8.8228,8.3045,8.2044,80,75,67,59,51,93,92,87,87,403,403,403,403,403,476,483,483,489
"10007453","Male","White",0.9152,"center",12,38.6658,55.6296,NA,72.6995,NA,90.6863,117.0179,NA,NA,53.2473,69.9559,NA,84.4972,NA,98.0842,133.3761,NA,NA,37.9925,NA,51.5019,NA,61.9822,60.3596,NA,NA,17,15,NA,18,NA,7.8265,8.20109999999999,NA,NA,85,107,NA,111,NA,90,105,NA,NA,448,489,NA,502,NA,483,509,NA,NA
"10007549","Male","White",0.1604,"none",24,46.5667,65.7982,NA,94.0425,NA,109.1503,137.961,NA,NA,58.7189,77.7945,NA,120.5484,NA,130.8795,151.1286,NA,NA,44.3322,NA,66.6944,NA,68.0948,79.8623,NA,NA,18,18,NA,18,NA,6.5686,8.3307,NA,NA,105,105,NA,117,NA,103,128,NA,NA,448,462,NA,496,NA,489,528,NA,NA
"10007567","Female","White",0.3299,"center",NA,40.3556,47.5238,NA,71.6469,NA,81.2791,102.3787,112.0438,NA,51.6975,54.4916,NA,94.9325,NA,124.2462,124.5923,126.161,NA,30.9971,NA,38.295,NA,45.7774,51.7383,56.1196,NA,14,15,NA,15,NA,6.9758,6.6607,9.0128,NA,106,106,NA,101,NA,86,99,89,NA,470,476,NA,483,NA,470,496,489,NA
"10007614","Female","Hispanic",-0.983,"relative",17,32.8573,53.1221,NA,84.6733,NA,106.7429,111.3923,127.6195,129.1738,44.8671,62.3975,NA,92.9465999999999,NA,108.6503,115.4585,129.8207,132.4796,26.1696,NA,30.5327,NA,48.5707,58.244,64.9592,75.1109,13,18,NA,18,NA,7.3397,7.3374,8.8674,9.5714,75,102,NA,113,NA,94,104,126,118,403,470,NA,496,NA,483,502,539,534
"10007701","Female","Black",-0.428,"none",11,39.1449,44.6596,NA,NA,NA,NA,NA,NA,NA,56.9762,59.5352,NA,NA,NA,NA,NA,NA,NA,43.8556,NA,NA,NA,NA,NA,NA,NA,15,18,NA,NA,NA,NA,NA,NA,NA,100,108,NA,NA,NA,NA,NA,NA,NA,448,470,NA,NA,NA,NA,NA,NA,NA
"10007907","Female","White",0.3874,"none",NA,NA,44.052,NA,65.0303,NA,93.0338,94.1355,108.9454,111.7658,NA,60.422,NA,76.9438,NA,109.9554,113.3608,125.9905,137.1929,46.6827,NA,42.5483,NA,51.4861,65.0327,70.78,73.4298,NA,14,NA,17,NA,7.5057,7.9288,9.3286,8.5723,NA,95,NA,91,NA,90,89,94,105,NA,462,NA,470,NA,476,483,496,516
"10007964","Female","Hispanic",-1.18,"non-relative",15,17.7756,36.4863,51.3696,60.5524,77.4692,69.8705,85.2734,103.5228,120.2414,41.467,58.7425,63.278,88.8067,99.2421,122.3648,129.4256,135.9759,148.9611,33.8834,29.0241,43.5536,39.6309,46.1533,55.5173,62.0939,74.4952,15,15,18,18,6.3713,6.1357,7.33,8.454,7.5292,80,85,100,96,96,88,91,92,92,403,426,470,470,476,470,483,489,496
"10007986","Female","Hispanic",-0.257,"center",38,37.9968,39.1292,52.7065,72.0321,75.7198,95.3768,116.6037,122.5099,130.0703,52.8365,60.4684,69.729,96.0695,99.2225,115.1322,118.6685,124.2636,138.5585,34.2513,36.2555,35.1894,50.2375,66.0221,51.1247,74.6528,82.9699,17,14,15,10,4,7.663,7.5727,7.8795,8.1098,106,115,109,124,125,104,114,103,98,448,476,476,502,509,489,509,502,502
"10008018","Female","White",1.956,"center",NA,35.6885,43.8407,NA,NA,NA,NA,NA,NA,NA,56.613,66.1004,NA,NA,NA,NA,NA,NA,NA,37.4556,NA,NA,NA,NA,NA,NA,NA,15,17,NA,NA,NA,NA,NA,NA,NA,111,104,NA,NA,NA,NA,NA,NA,NA,462,462,NA,NA,NA,NA,NA,NA,NA
"10008021","Female","White",NA,NA,23,33.3948,53.9243,NA,NA,NA,NA,NA,NA,NA,44.1478,71.5417,NA,NA,NA,NA,NA,NA,NA,35.3001,NA,NA,NA,NA,NA,NA,NA,15,13,NA,NA,NA,NA,NA,NA,NA,98,107,NA,NA,NA,NA,NA,NA,NA,448,476,NA,NA,NA,NA,NA,NA,NA
"10008088","Female","Black",NA,NA,31,33.6946,41.5365,NA,59.1348,NA,72.3387,NA,NA,NA,52.1654,58.787,NA,85.1879,NA,114.7446,NA,NA,NA,34.2412,NA,32.4453,NA,46.1126,NA,NA,NA,7,9,NA,10,NA,6.0209,NA,NA,NA,79,85,NA,100,NA,113,NA,NA,NA,403,426,NA,476,NA,502,NA,NA,NA
"10008094","Male","other",-0.748,"center",15,28.0185,40.3146,47.8634,67.6281,78.479,71.0656,101.3194,92.4113,117.026,47.0137,61.1047,67.6969,68.8764,86.8642,94.9232,113.7874,125.9218,136.9499,33.5531,39.7671,48.6798,43.4461,52.3565,58.7895,61.182,71.1558,16,15,15,15,6.5446,7.1956,7.5173,8.0426,9.5927,112,105,117,102,119,99,108,97,88,462,462,489,476,502,483,502,496,489
"10008170","Female","Hispanic",NA,NA,6,22.1402,53.3835,NA,NA,NA,NA,NA,NA,NA,41.9559,67.7194,NA,NA,NA,NA,NA,NA,NA,29.4875,NA,NA,NA,NA,NA,NA,NA,13,16,NA,NA,NA,NA,NA,NA,NA,75,88,NA,NA,NA,NA,NA,NA,NA,403,448,NA,NA,NA,NA,NA,NA,NA
"10008207","Male","White",0.2602,"non-relative",NA,33.2799,49.3985,NA,64.2105,NA,80.9042,86.8257,101.3017,108.8908,51.7032,72.6036,NA,65.7748,NA,113.547,110.982,122.4885,130.7365,38.8939,NA,40.4025,NA,41.8508,52.5036,64.0707,68.0066,17,16,NA,15,NA,6.5058,5.3365,6.8392,7.0602,100,88,NA,84,NA,93,77,92,97,448,435,NA,448,NA,476,462,489,502
"10008354","Male","White",-0.268,"center",27,35.4133,46.9573,NA,73.2687,NA,84.0481,82.2051,NA,NA,62.6418,69.1691,NA,94.1191999999999,NA,104.8121,116.2013,NA,NA,37.6437,NA,50.0141,NA,38.9893,52.5969,NA,NA,17,17,NA,14,NA,5.702,NA,NA,NA,99,99,NA,81,NA,107,91,NA,NA,448,462,NA,448,NA,496,483,NA,NA
"10008357","Male","Hispanic",-1.31,"none",23,24.8153,47.3553,NA,90.7825,NA,101.5878,117.6822,126.4594,132.1473,41.7173,74.3938,NA,95.9615,NA,112.8617,113.0749,122.459,131.363,24.6483,NA,36.4379,NA,50.8016,63.3014,67.5169,76.7024,15,15,NA,17,NA,6.5964,NA,7.5362,7.767,72,80,NA,91,NA,98,88,79,79,403,435,NA,470,NA,489,483,476,483
"10008385","Male","Asian",0.858,NA,8,NA,55.5864,NA,86.9503,NA,113.8908,NA,NA,NA,NA,77.4508,NA,103.5704,NA,119.8938,NA,NA,NA,35.8334,NA,39.2888,NA,47.3003,NA,NA,NA,NA,18,NA,16,NA,4,NA,NA,NA,NA,99,NA,125,NA,106,NA,NA,NA,NA,448,NA,502,NA,489,NA,NA,NA
"10008409","Female","White",-0.344,"center",23,53.1833,62.7659,NA,85.8137,NA,NA,NA,NA,NA,57.0283,85.2313,NA,122.9907,NA,NA,NA,NA,NA,43.6141,NA,55.5702,NA,NA,NA,NA,NA,18,18,NA,17,NA,NA,NA,NA,NA,116,115,NA,117,NA,NA,NA,NA,NA,483,489,NA,502,NA,NA,NA,NA,NA
"10008520","Male","White",0.0076,"center",5,30.6678,38.9901,NA,64.8703,NA,84.9235,NA,NA,NA,55.4363,63.1927,NA,89.7408,NA,106.4939,NA,NA,NA,22.5817,NA,32.943,NA,35.8085,NA,NA,NA,15,6,NA,15,NA,6.9054,NA,NA,NA,89,113,NA,106,NA,103,NA,NA,NA,419,476,NA,483,NA,489,NA,NA,NA
"10008551","Male","other",-0.089,"none",45,34.5549,54.0734,61.6369,71.9169,87.9397,100.4312,123.8548,129.7406,136.0041,44.1543,57.6987,72.1673,99.0023,107.8357,125.2656,127.3669,130.1337,140.7046,26.6558,29.5247,36.1882,43.0872,56.0412,60.2041,69.9127,74.7955,15,14,15,14,7.3546,6.9212,8.3294,8.24429999999999,8.3045,101,99,73,103,124,109,118,129,112,435,448,410,476,509,496,516,539,522
"10008559","Female","Hispanic",-0.64,"relative",24,NA,48.5806,63.4717,69.8206,84.25,77.1776,113.2677,113.4658,107.6924,NA,69.4631,75.843,97.3635,109.6443,119.5752,122.6061,129.0533,131.355,27.8844,28.2876,35.585,45.7619,52.9415,56.7076,62.3494,57.3694,NA,15,18,18,6.9717,7.5702,7.5182,8.109,8.20889999999999,NA,84,91,107,108,90,98,97,93,NA,419,448,483,489,470,489,496,496
"10008628","Female","White",1.413,"center",21,47.5352,53.6076,NA,69.0079,NA,106.7429,123.0385,121.1508,133.9755,67.4069,72.7659,NA,102.8507,NA,122.7518,132.5539,136.9282,145.2905,39.4263,NA,52.0736,NA,67.6441,70.7867,73.2836,85.9084,15,18,NA,16,NA,6.8718,6.343,6.5677,7.9006,93,95,NA,105,NA,109,104,117,109,448,462,NA,489,NA,502,502,528,522
"10008636","Female","Hispanic",-0.934,"center",10,32.4654,39.3145,NA,84.52,NA,103.1926,NA,NA,NA,54.2362,66.3886,NA,99.5762,NA,126.1852,NA,NA,NA,39.5271,NA,46.359,NA,63.3425,NA,NA,NA,13,13,NA,6,NA,4,NA,NA,NA,113,115,NA,108,NA,110,NA,NA,NA,462,476,NA,483,NA,496,NA,NA,NA
"10008682","Male","White",-0.192,"center",NA,36.412,43.963,NA,70.828,NA,89.6118,121.4104,128.3633,130.1497,50.5961,74.6183,NA,111.4269,NA,137.3426,136.0054,148.9308,154.7175,38.0752,NA,54.936,NA,62.6854,64.3453,70.8101,81.5697,15,14,NA,18,NA,5.96,7.1548,7.8452,8.3752,92,92,NA,81,NA,87,96,81,81,435,448,NA,448,NA,470,489,476,483
"10008689","Female","White",-1.4,"center",24,32.955,39.8999,NA,69.7014,NA,71.9658,86.8598,73.8347,90.2423,61.8598,72.1345,NA,102.9173,NA,110.4151,102.4574,111.9374,122.52,29.2858,NA,40.517,NA,49.3196,50.868,54.6664,65.1715,15,17,NA,17,NA,6.6308,7.5666,8.73769999999999,8.6127,68,74,NA,76,NA,88,102,79,79,403,426,NA,448,NA,476,502,476,483
"10008755","Female","Black",-1.12,"center",30,17.6746,36.4828,50.0953,NA,NA,NA,NA,NA,NA,42.5779,55.8908,77.2854,NA,NA,NA,NA,NA,NA,23.1293,22.8755,NA,NA,NA,NA,NA,NA,15,15,15,NA,NA,NA,NA,NA,NA,NA,91,80,NA,NA,NA,NA,NA,NA,403,435,426,NA,NA,NA,NA,NA,NA
"10008767","Female","Hispanic",0.2867,"center",NA,28.9317,54.9243,NA,68.8467,NA,82.763,NA,NA,NA,42.2664,64.8901,NA,96.5077,NA,109.4427,NA,NA,NA,33.3835,NA,35.2418,NA,42.9431,NA,NA,NA,15,15,NA,17,NA,6.7048,NA,NA,NA,84,120,NA,83,NA,74,NA,NA,NA,410,489,NA,448,NA,448,NA,NA,NA
"10008789","Female","White",0.1905,"center",36,26.1235,55.1152,NA,NA,NA,NA,NA,NA,NA,44.4142,57.9277,NA,NA,NA,NA,NA,NA,NA,37.924,NA,NA,NA,NA,NA,NA,NA,15,17,NA,NA,NA,NA,NA,NA,NA,80,113,NA,NA,NA,NA,NA,NA,NA,403,476,NA,NA,NA,NA,NA,NA,NA
"10008791","Female","White",0.6497,"center",8,42.9869,69.0079,NA,84.2748,NA,108.4822,NA,NA,NA,62.9322,114.9861,NA,129.8994,NA,142.5802,NA,NA,NA,42.4678,NA,42.5052,NA,62.1895,NA,NA,NA,15,15,NA,17,NA,6.5481,NA,NA,NA,98,118,NA,108,NA,140,NA,NA,NA,448,489,NA,489,NA,539,NA,NA,NA
"10008910","Male","Hispanic",NA,NA,38,21.2402,34.7964,45.9798,59.1519,69.9372,73.2393,90.8444,92.2234,114.7779,37.5347,42.2901,59.8826,62.3854,68.376,71.3564,81.4374,108.2397,100.1479,NA,22.6141,24.9892,32.7185,33.8722,48.9304,65.8968,63.1758,14,13,16,17,6.7946,6.2704,7.9617,7.1388,8.2857,65,59,59,58,88,89,99,68,84,393,393,410,419,470,476,496,462,489
"10008925","Male","Asian",-0.655,"center",14,51.5206,64.4718,NA,81.2689,NA,NA,NA,138.0928,143.1631,50.3179,63.009,NA,104.327,NA,NA,NA,125.6385,123.1039,36.3907,NA,33.563,NA,NA,NA,71.8003,76.4788,15,15,NA,15,NA,NA,NA,7.0308,8.4479,119,119,NA,115,NA,NA,NA,100,102,483,489,NA,496,NA,NA,NA,502,509
"10009000","Female","White",NA,NA,NA,25.9148,NA,NA,NA,NA,NA,NA,NA,NA,44.5384,NA,NA,NA,NA,NA,NA,NA,NA,NA,NA,NA,NA,NA,NA,NA,NA,14,NA,NA,NA,NA,NA,NA,NA,NA,104,NA,NA,NA,NA,NA,NA,NA,NA,462,NA,NA,NA,NA,NA,NA,NA,NA
"10009092","Female","White",-0.408,"none",30,26.0067,39.2355,NA,NA,NA,NA,NA,NA,NA,54.2864,68.2814,NA,NA,NA,NA,NA,NA,NA,38.0498,NA,NA,NA,NA,NA,NA,NA,13,15,NA,NA,NA,NA,NA,NA,NA,80,93,NA,NA,NA,NA,NA,NA,NA,403,448,NA,NA,NA,NA,NA,NA,NA
"10009106","Female","White",0.121,"center",22,39.8273,54.8838,NA,82.7734,NA,106.1828,113.8878,119.4371,129.4746,58.7328,75.9714,NA,106.9626,NA,132.7256,134.431,141.0469,140.2194,36.979,NA,44.0984,NA,63.6969,68.0924,72.265,86.7181,15,16,NA,17,NA,7.2403,7.6854,7.7197,7.7337,95,102,NA,117,NA,115,119,122,118,448,470,NA,502,NA,509,522,534,534
"10009125","Male","Black",0.0152,"center",26,36.3096,41.0287,42.1265,56.9975,55.3757,72.7638,87.9951,100.5985,108.7184,46.9116,54.7777,56.2005,81.7931,88.9158,99.5565,97.0489999999999,116.0763,107.0447,25.9833,32.8786,34.9071,43.0654,39.7657,42.6138,48.5378,58.7739,16,15,15,15,5.3719,7.0944,5.6062,7.2733,8.0272,77,73,64,55,111,106,101,96,102,403,410,403,403,496,496,496,496,509
"10009198","Male","Hispanic",-0.561,"center",24,17.5026,34.9547,NA,61.8568,NA,82.5864,93.5912,97.4979999999999,109.1343,38.1576,46.9487,NA,72.6036,NA,87.7388,118.4819,125.5593,134.5106,20.3287,NA,26.2979,NA,25.3512,37.7817,44.9536,41.8051,14,8,NA,16,NA,6.7568,7.1033,7.1449,7.4386,80,88,NA,94,NA,97,96,91,97,403,435,NA,470,NA,483,489,489,502
"10009218","Male","White",-0.912,"center",35,NA,60.0701,NA,NA,NA,NA,NA,NA,NA,NA,89.8431,NA,NA,NA,NA,NA,NA,NA,31.0061,NA,NA,NA,NA,NA,NA,NA,NA,16,NA,NA,NA,NA,NA,NA,NA,NA,114,NA,NA,NA,NA,NA,NA,NA,NA,489,NA,NA,NA,NA,NA,NA,NA
"10009313","Female","Hispanic",-1.4,NA,4,NA,42.9934,NA,56.1098,NA,NA,NA,NA,NA,NA,66.5843,NA,86.917,NA,NA,NA,NA,NA,28.0559,NA,27.7272,NA,NA,NA,NA,NA,NA,16,NA,15,NA,NA,NA,NA,NA,NA,104,NA,100,NA,NA,NA,NA,NA,NA,470,NA,476,NA,NA,NA,NA,NA
"10009349","Female","Black",NA,NA,31,25.5946,32.6123,34.2293,NA,NA,NA,NA,NA,NA,54.1914,56.6699,59.4404,NA,NA,NA,NA,NA,NA,29.4327,35.8798,NA,NA,NA,NA,NA,NA,15,6,16,NA,NA,NA,NA,NA,NA,86,91,94,NA,NA,NA,NA,NA,NA,426,448,462,NA,NA,NA,NA,NA,NA
"10009576","Male","Asian",NA,NA,36,22.5721,38.1307,NA,60.122,NA,95.8478,104.0873,108.0374,124.3904,42.1576,51.9151,NA,69.2627,NA,99.8079,111.7108,127.843,126.9824,19.9589,NA,25.3125,NA,33.8756,42.0436,45.7744,54.6941,14,14,NA,15,NA,4,6.3446,6.9812,5.3704,68,60,NA,76,NA,103,79,84,94,403,403,NA,448,NA,496,470,483,502
"10009597","Male","White",-1.3,"center",30,33.2642,44.6014,NA,68.4333,NA,71.8996,84.3601,113.2453,113.4862,51.0986,64.5108,NA,97.6557,NA,92.4459,119.0336,115.7038,134.3303,23.028,NA,34.8875,NA,38.9579,49.4083,49.8824,66.8861,15,10,NA,9,NA,7.0547,6.6488,8.299,7.0278,78,88,NA,100,NA,97,92,92,92,403,435,NA,476,NA,483,483,489,496
"10009824","Female","Black",-0.226,NA,34,NA,37.4329,42.3639,49.2149,64.2771,75.8834,94.6691,84.8543,109.8769,NA,61.9255,62.5612,82.2131,94.481,107.5189,122.1627,111.0836,124.8182,31.5399,33.6642,33.7084,40.5334,61.5462,53.72,54.2645,66.8306,NA,15,14,15,7.9429,7.1533,7.5386,7.6903,8.678,NA,63,76,54,58,70,63,58,85,NA,403,435,410,426,448,448,448,489
"10010003","Male","White",-0.278,"relative",9,60.4633,70.9721,NA,86.7003,NA,110.8115,125.5026,134.258,138.8919,66.642,71.6777,NA,100.6916,NA,108.6232,128.8331,135.1267,149.2315,38.1071,NA,51.367,NA,48.2941,67.2595,68.6645,79.6739,16,18,NA,15,NA,7.0815,6.8034,7.6324,8.0629,127,111,NA,104,NA,112,106,110,106,496,476,NA,483,NA,502,502,516,516
"10010029","Male","Black",-0.957,"center",22,19.3302,35.7677,NA,47.3508,NA,NA,NA,NA,NA,41.9164,58.6745,NA,80.0422,NA,NA,NA,NA,NA,20.2462,NA,37.6449,NA,NA,NA,NA,NA,12,18,NA,16,NA,NA,NA,NA,NA,75,68,NA,87,NA,NA,NA,NA,NA,403,403,NA,462,NA,NA,NA,NA,NA
"10010046","Female","Black",0.975,"center",NA,27.9661,NA,NA,NA,NA,NA,NA,NA,NA,48.4044,NA,NA,NA,NA,NA,NA,NA,NA,NA,NA,NA,NA,NA,NA,NA,NA,15,NA,NA,NA,NA,NA,NA,NA,NA,77,NA,NA,NA,NA,NA,NA,NA,NA,403,NA,NA,NA,NA,NA,NA,NA,NA
"10010165","Male","Hispanic",1.207,"center",9,29.0103,44.7874,45.4128,63.2131,81.0964,89.5434,109.0063,124.9716,128.7768,54.278,68.4154,73.6542,94.4075,99.8474,107.4707,117.2907,127.3566,148.6096,40.3943,50.3797,50.9194,55.0709,57.0734,73.5217,76.2386,77.9406,14,16,17,17,6.8026,5.6957,8.54429999999999,8.391,9.6032,85,106,112,107,102,109,92,103,82,410,462,483,483,483,496,483,502,483
"10010171","Female","White",-0.169,"center",29,35.4797,58.0758,NA,69.0791,NA,89.5244,107.9274,126.4614,124.3296,54.2937,62.925,NA,90.2456,NA,104.1192,116.0159,129.2467,131.2536,23.9815,NA,37.2873,NA,46.7113,65.9153,69.8976,77.2764,16,16,NA,16,NA,7.0911,7.3744,8.1709,8.2295,75,87,NA,100,NA,108,63,88,84,410,448,NA,483,NA,502,448,489,489
"10010295","Female","White",0.4912,"center",10,51.977,68.5201,75.9174,94.0662,94.903,109.8056,125.7442,134.3989,137.4268,70.1625,81.9728,92.3303,109.2632,109.5626,120.1841,135.5336,141.3504,157.4494,41.32,52.2941,45.8847,65.9698,66.3634,71.2158,79.9644,88.6211,17,18,18,18,6.0268,7.5507,7.3638,8.6737,8.516,93,99,110,111,92,114,114,108,113,448,470,489,496,476,509,516,516,528
"10010296","Female","White",-0.584,"center",39,32.1059,41.0559,NA,61.527,NA,70.3249,88.964,105.892,106.462,53.4279,71.8307,NA,108.0725,NA,122.5242,135.3268,127.4288,140.9836,37.552,NA,37.4518,NA,54.1073,61.466,71.9415,75.6967,17,14,NA,15,NA,6.3393,6.7316,8.1623,8.4339,100,109,NA,89,NA,92,100,101,86,448,476,NA,462,NA,476,496,502,489
"10010309","Male","Black",-0.705,"relative",23,26.0817,42.3337,NA,69.6461,NA,71.9428,102.7084,111.7349,113.2923,51.9341,60.9765,NA,85.1485,NA,108.2288,110.5297,127.4164,119.4912,44.8719,NA,44.8537,NA,52.546,55.9549,61.7052,71.7986,15,15,NA,18,NA,7.3382,7.9402,7.7821,8.2414,91,99,NA,94,NA,96,90,96,91,435,462,NA,470,NA,483,483,496,496
"10010342","Male","White",0.974,"none",10,26.0091,34.2537,NA,55.0078,NA,69.5245,91.4556,101.1156,103.0395,43.1222,64.1177,NA,81.2908,NA,105.0634,120.7058,123.2551,125.8781,25.7986,NA,33.3551,NA,46.8018,47.8506,52.2692,65.2786,17,14,NA,14,NA,3.375,7.3327,6.8968,8.0272,NA,108,NA,87,NA,85,69,97,94,410,462,NA,448,NA,462,448,496,496
"10010358","Female","Hispanic",-1.03,"center",24,26.2161,44.208,NA,68.8385,NA,80.188,90.4235,111.049,109.6284,56.0799,63.8931,NA,84.2402,NA,113.6028,111.5742,124.7241,126.5307,31.4334,NA,35.9321,NA,47.3083,56.7486,59.9292,70.7349,15,13,NA,15,NA,7.002,7.6956,8.3075,7.1926,72,72,NA,91,NA,94,63,74,79,403,419,NA,470,NA,483,448,470,483
"10010425","Female","Black",-1.81,"none",41,21.0277,31.6053,NA,NA,NA,NA,NA,NA,NA,59.0471,59.2483,NA,NA,NA,NA,NA,NA,NA,20.3884,NA,NA,NA,NA,NA,NA,NA,16,10,NA,NA,NA,NA,NA,NA,NA,61,53,NA,NA,NA,NA,NA,NA,NA,403,403,NA,NA,NA,NA,NA,NA,NA
"10010426","Male","Black",0.5035,"center",NA,36.3096,48.1875,NA,NA,NA,NA,NA,NA,NA,49.0139,59.8632,NA,NA,NA,NA,NA,NA,NA,22.1353,NA,NA,NA,NA,NA,NA,NA,17,16,NA,NA,NA,NA,NA,NA,NA,77,70,NA,NA,NA,NA,NA,NA,NA,403,403,NA,NA,NA,NA,NA,NA,NA
"10010490","Male","White",0.1338,"center",7,23.9674,27.6817,28.5163,NA,NA,NA,NA,NA,NA,43.5042,50.8839,56.434,NA,NA,NA,NA,NA,NA,26.1866,22.8848,NA,NA,NA,NA,NA,NA,8,7,5,NA,NA,NA,NA,NA,NA,81,77,68,NA,NA,NA,NA,NA,NA,403,403,403,NA,NA,NA,NA,NA,NA
"10010511","Female","other",-0.379,"relative",13,37.6176,51.737,NA,69.3069,NA,84.7304,99.462,114.1239,126.1838,56.2264,67.3449,NA,104.2594,NA,114.0555,126.6095,136.224,132.4796,42.1645,NA,38.9513,NA,47.1912,61.4156,64.1955,60.8553,16,18,NA,17,NA,7.9416,7.6034,8.9103,7.9509,81,106,NA,106,NA,100,64,99,95,419,476,NA,489,NA,489,448,502,502
"10010522","Male","Asian",NA,NA,29,33.4991,54.415,NA,83.2398,NA,116.6736,127.2047,138.4674,140.7945,44.9398,65.7995,NA,103.0968,NA,124.0022,131.2237,150.3674,154.5769,27.7136,NA,43.5064,NA,62.1012,77.0483,81.8922,80.4158,13,14,NA,18,NA,6.6308,6.9876,7.5638,9.2747,80,105,NA,112,NA,120,107,106,115,403,462,NA,489,NA,509,502,509,528
"10010538","Female","White",1.248,"none",17,43.8518,61.9119,86.0316,99.5843,93.4703,100.8855,123.0779,125.5279,133.3341,60.3173,78.1037,108.3152,130.0908,139.8335,143.6428,146.8344,151.1194,154.0231,38.8339,46.0516,52.4512,58.5162,69.0041,76.0297,82.429,87.2632,18,18,14,17,4.825,6.3955,6.8458,6.7339,8.089,99,99,95,103,99,92,86,91,81,448,462,462,483,483,476,476,489,483
"10010622","Male","White",-0.369,"center",4,42.1394,48.4228,NA,NA,NA,NA,NA,NA,NA,54.7949,67.5715,NA,NA,NA,NA,NA,NA,NA,43.3653,NA,NA,NA,NA,NA,NA,NA,14,16,NA,NA,NA,NA,NA,NA,NA,102,101,NA,NA,NA,NA,NA,NA,NA,470,476,NA,NA,NA,NA,NA,NA,NA
"10010717","Female","White",0.1524,"center",28,36.5396,67.3317,NA,77.9703,NA,NA,NA,NA,NA,59.5089,107.6155,NA,119.7288,NA,NA,NA,NA,NA,39.4794,NA,50.579,NA,NA,NA,NA,NA,15,14,NA,18,NA,NA,NA,NA,NA,117,103,NA,89,NA,NA,NA,NA,NA,483,470,NA,462,NA,NA,NA,NA,NA
"10010887","Female","White",-0.01,"center",8,27.4077,56.8548,NA,67.1561,NA,80.9986,99.1602,106.4663,129.7387,49.6303,62.2801,NA,78.6391,NA,104.8121,116.2117,122.148,140.7111,34.4399,NA,32.1489,NA,43.4461,50.541,56.4399,55.501,15,15,NA,18,NA,6.6953,8.4173,8.2533,7.5827,76,102,NA,93,NA,96,100,100,91,403,470,NA,470,NA,483,496,502,496
"10010907","Female","White",0.6418,"none",25,38.0797,55.3231,NA,79.5196,NA,103.5624,106.5902,115.1325,126.2867,69.6604,83.295,NA,118.1378,NA,138.5936,135.5912,151.0428,151.8011,44.5159,NA,51.1192,NA,59.8457,74.5066,75.6294,73.6168,15,14,NA,17,NA,6.6327,7.865,8.2334,8.0484,103,112,NA,106,NA,114,107,112,83,448,476,NA,483,NA,502,502,516,483
"10010950","Male","Hispanic",-0.951,"center",NA,28.0948,48.6354,NA,NA,NA,NA,NA,NA,NA,44.0609,48.4636,NA,NA,NA,NA,NA,NA,NA,28.9887,NA,NA,NA,NA,NA,NA,NA,8,10,NA,NA,NA,NA,NA,NA,NA,105,80,NA,NA,NA,NA,NA,NA,NA,435,403,NA,NA,NA,NA,NA,NA,NA
"10010984","Female","White",-0.513,"non-relative",7,44.7291,48.3588,NA,87.0645,NA,94.5098,105.229,125.7111,140.717,51.6909,84.4855,NA,105.6048,NA,123.9511,126.5556,134.1037,136.48,29.618,NA,49.8832,NA,53.0571,49.8026,68.9419,53.3686,15,17,NA,13,NA,5.965,6.8936,7.0241,7.7001,80,120,NA,117,NA,120,118,109,105,419,496,NA,502,NA,516,522,516,516
"10011045","Female","Black",-0.164,"center",38,28.1501,41.3207,NA,67.385,NA,NA,NA,NA,NA,51.9607,58.651,NA,75.1887,NA,NA,NA,NA,NA,20.8705,NA,25.3161,NA,NA,NA,NA,NA,6,15,NA,15,NA,NA,NA,NA,NA,NA,88,NA,67,NA,NA,NA,NA,NA,410,426,NA,410,NA,NA,NA,NA,NA
"10011073","Female","White",-0.396,NA,23,44.5835,65.8686,NA,92.7241,NA,97.3638,123.1468,127.0521,135.3588,61.3495,76.0197,NA,117.9109,NA,127.2798,133.7918,143.1824,153.451,39.743,NA,57.0734,NA,63.3218,71.6556,71.4442,80.0844,10,18,NA,18,NA,8.2758,7.0304,7.8773,8.2643,119,115,NA,115,NA,103,135,106,102,476,483,NA,496,NA,489,539,509,509
"10011434","Male","White",-0.01,"none",13,36.2692,50.1598,NA,61.8193,NA,84.5913,112.4671,118.3569,128.7175,61.7559,71.136,NA,103.2201,NA,118.9839,122.0051,127.5278,143.2051,30.7933,NA,40.8723,NA,46.1408,64.0574,70.2797,77.336,15,15,NA,16,NA,6.1179,7.1142,8.1917,8.5779,99,98,NA,102,NA,110,98,92,93,435,448,NA,476,NA,496,489,489,496
"10011448","Female","White",0.6218,"relative",17,46.6166,60.7632,NA,90.4942,NA,115.6965,124.8974,128.4419,141.8455,67.9748,85.8984,NA,117.1913,NA,122.1599,125.626,128.5428,151.1215,32.316,NA,45.1115,NA,60.2625,72.6919,71.9332,77.6523,15,17,NA,18,NA,6.5329,6.8518,7.9349,8.5357,81,90,NA,128,NA,116,129,126,139,403,426,NA,509,NA,502,528,534,558
"10011490","Male","Hispanic",0.2458,"center",11,40.8763,58.3857,NA,74.6726,NA,NA,NA,NA,NA,48.1799,63.2907,NA,96.8963,NA,NA,NA,NA,NA,26.4699,NA,36.9286,NA,NA,NA,NA,NA,3,17,NA,17,NA,NA,NA,NA,NA,122,108,NA,156,NA,NA,NA,NA,NA,489,476,NA,549,NA,NA,NA,NA,NA
"10011609","Female","White",0.8382,"center",NA,50.2128,63.9628,NA,88.7341,NA,113.164,111.9203,122.6737,NA,53.852,94.1374,NA,116.8236,NA,140.4068,135.8689,147.325,NA,41.1211,NA,60.1435,NA,69.2196,74.7728,86.4316999999999,NA,18,18,NA,18,NA,7.3143,7.4475,8.4439,NA,105,108,NA,108,NA,100,105,114,NA,462,476,NA,489,NA,489,502,522,NA
"10011832","Female","Hispanic",-0.328,"center",21,31.936,42.5439,NA,56.9975,NA,61.8043,77.8097,98.7976,NA,46.0875,62.4288,NA,72.2687,NA,87.4062,100.8355,114.9458,NA,35.3714,NA,48.746,NA,54.1553,61.8684,49.6759,NA,15,14,NA,15,NA,6.8333,7.953,8.5253,NA,NA,82,NA,95,NA,111,98,88,NA,403,410,NA,462,NA,496,489,483,NA
"10011871","Female","Hispanic",-0.164,"center",NA,36.625,51.6253,NA,72.1072,NA,86.0571,103.7083,99.8549,120.7282,52.8912,63.9551,NA,103.5343,NA,131.3169,136.3467,136.0091,144.747,32.4084,NA,37.6537,NA,56.6312,66.3147,71.2025,79.9329,15,16,NA,17,NA,6.5394,7.504,7.9501,8.9401,80,85,NA,59,NA,108,111,111,119,403,426,NA,403,NA,496,509,516,534
"10011937","Male","White",-0.062,NA,30,48.1281,43.5394,NA,67.1189,NA,73.2629,92.0825,95.6989,114.2764,63.8425,65.7254,NA,69.1691,NA,74.3305,79.7713,94.5458,108.8926,42.1161,NA,47.8189,NA,53.9526,54.4948,59.977,76.0408,15,15,NA,15,NA,6.2413,6.7064,6.5719,7.4765,69,85,NA,76,NA,93,72,83,79,410,448,NA,448,NA,483,462,483,483
"10012130","Male","White",-0.165,"center",10,47.5443,58.5323,NA,82.4620999999999,NA,102.5099,NA,NA,NA,67.0157,96.9011,NA,114.117,NA,128.7878,NA,NA,NA,43.6747,NA,53.2873,NA,59.9563,NA,NA,NA,17,14,NA,18,NA,7.6769,NA,NA,NA,115,113,NA,90,NA,92,NA,NA,NA,476,483,NA,462,NA,476,NA,NA,NA
"10012208","Male","White",0.3874,NA,45,NA,NA,116.8687,124.7742,134.9669,121.871,131.93,141.326,146.0081,NA,NA,113.3907,117.6217,126.7699,132.5775,125.8989,142.9792,155.6381,NA,42.9344,49.7019,63.5559,57.0018,67.6801,75.9434,85.1166,NA,NA,17,18,7.5071,7.9608,8.0423,7.6245,8.4834,NA,NA,118,124,108,104,113,122,125,NA,NA,489,502,489,489,509,528,539
"10012214","Female","White",-1.3,"center",39,16.8554,28.7737,NA,58.3759,NA,61.8068,81.4742,93.4047,87.1565,37.9065,54.9247,NA,76.56,NA,84.7358,113.936,122.4843,124.205,32.5033,NA,32.6844,NA,42.3689,52.4563,54.55,48.6407,10,15,NA,15,NA,7.3247,5.8738,7.1708,8.3784,NA,76,NA,93,NA,90,88,88,79,403,403,NA,462,NA,470,476,483,476
"10012240","Male","Hispanic",-0.578,"relative",17,25.6722,42.4376,61.1408,65.5899,NA,NA,NA,NA,NA,51.7589,64.8132,70.2954,81.7371,NA,NA,NA,NA,NA,34.9428,35.3118,38.1045,NA,NA,NA,NA,NA,16,17,18,18,NA,NA,NA,NA,NA,91,77,95,67,NA,NA,NA,NA,NA,426,410,462,419,NA,NA,NA,NA,NA
"10012268","Female","Hispanic",NA,NA,38,33.717,46.1065,59.1568,79.7999,NA,NA,NA,NA,NA,43.7921,64.076,69.5481,93.6957,NA,NA,NA,NA,NA,19.7354,21.9856,38.6404,NA,NA,NA,NA,NA,15,13,18,17,NA,NA,NA,NA,NA,69,89,115,106,NA,NA,NA,NA,NA,393,448,496,489,NA,NA,NA,NA,NA
"10012369","Male","Hispanic",-1.35,"none",24,19.9282,40.452,NA,61.0587,NA,90.6286,105.591,108.1662,124.1924,34.8674,47.3288,NA,70.1925,NA,97.2297,119.6445,114.219,116.9731,NA,NA,19.5424,NA,38.3258,44.2942,60.6827,61.7542,6,6,NA,15,NA,7.3678,7.713,7.9519,8.1045,94,94,NA,94,NA,90,84,92,97,425,441,NA,462,NA,470,470,489,502
"10012397","Male","Hispanic",-0.828,"center",NA,25.0534,47.6446,NA,55.4092,NA,75.7383,NA,NA,NA,46.7447,60.5242,NA,72.5451,NA,86.6213,NA,NA,NA,36.2664,NA,47.429,NA,49.1739,NA,NA,NA,15,15,NA,14,NA,5.757,NA,NA,NA,72,61,NA,47,NA,98,NA,NA,NA,403,403,NA,403,NA,489,NA,NA,NA
"10012495","Male","Black",NA,NA,24,20.6123,38.9121,NA,NA,NA,NA,NA,NA,NA,41.7332,59.3752,NA,NA,NA,NA,NA,NA,NA,33.2409,NA,NA,NA,NA,NA,NA,NA,15,12,NA,NA,NA,NA,NA,NA,NA,103,124,NA,NA,NA,NA,NA,NA,NA,448,496,NA,NA,NA,NA,NA,NA,NA
"10012566","Male","other",-1.17,"center",26,NA,41.3017,NA,64.9425,NA,83.9139,88.2938,98.2685,115.1021,NA,78.7865,NA,102.4675,NA,125.0507,113.6884,119.212,127.1169,28.2552,NA,48.0257,NA,49.7781,48.4453,51.8204,61.9124,NA,16,NA,15,NA,7.2922,6.7109,6.1371,6.9812,NA,64,NA,90,NA,78,79,84,90,NA,410,NA,470,NA,462,470,483,496
"10012599","Male","White",-0.716,"center",30,24.4868,46.7891,46.2153,61.4547,66.5792,85.7702,108.3794,114.2073,126.1177,40.4203,72.972,91.3163,108.1426,116.9367,123.1045,131.3232,148.0845,154.8208,40.2694,43.7576,50.1828,53.1839,62.9227,71.609,77.8301,82.7406999999999,15,17,18,17,6.7919,7.1995,6.9417,6.7212,6.9623,NA,99,105,109,81,110,103,88,108,403,448,470,483,448,496,496,483,516
"10012625","Male","White",0.0515,"center",11,34.4793,61.977,NA,84.709,NA,NA,NA,NA,NA,53.311,77.208,NA,107.3957,NA,NA,NA,NA,NA,31.4668,NA,55.9745,NA,NA,NA,NA,NA,15,18,NA,17,NA,NA,NA,NA,NA,NA,76,NA,107,NA,NA,NA,NA,NA,403,403,NA,483,NA,NA,NA,NA,NA
"10012669","Male","White",0.7688,"non-relative",6,34.9597,61.6269,NA,78.2821,NA,81.9876,107.5991,129.2272,130.1951,62.3249,70.6529,NA,91.1372,NA,106.744,128.6512,131.8859,141.624,50.5188,NA,59.6591,NA,60.0468,67.7458,80.4143,81.8302,15,15,NA,16,NA,3.875,7.132,7.1334,8.9516,109,97,NA,94,NA,96,95,95,96,470,462,NA,470,NA,483,489,496,502
"10012690","Male","White",0.0794,NA,NA,21.527,NA,NA,NA,NA,NA,NA,NA,NA,39.2619,NA,NA,NA,NA,NA,NA,NA,NA,NA,NA,NA,NA,NA,NA,NA,NA,15,NA,NA,NA,NA,NA,NA,NA,NA,92,NA,NA,NA,NA,NA,NA,NA,NA,426,NA,NA,NA,NA,NA,NA,NA,NA
"10012695","Female","Black",1.068,"center",NA,50.5428,62.1574,NA,69.2711,NA,107.6272,111.9182,118.2349,NA,91.0545,99.4728,NA,108.2828,NA,124.7563,137.7317,132.5618,NA,29.3319,NA,47.6454,NA,64.7516,69.3772,73.1256,NA,16,17,NA,16,NA,7.4209,7.8407,8.1208,NA,114,116,NA,89,NA,96,86,91,NA,476,489,NA,462,NA,483,476,489,NA
"10012776","Male","White",-1.06,"center",26,NA,36.9932,NA,62.5342,NA,70.9976,77.9219,86.1917,98.2461,49.5658,61.1176,NA,74.3185,NA,99.7634,105.0557,109.109,114.7613,20.9249,NA,22.3465,NA,26.4171,41.5446,37.0416,43.7424,NA,16,NA,15,NA,5.709,7.4734,7.3693,7.7716,NA,61,NA,76,NA,89,93,88,94,NA,403,NA,448,NA,476,489,489,502
"10012859","Female","White",0.947,"center",NA,45.921,67.8318,70.9155,86.9392,92.7398,99.56,111.0366,110.3726,134.6707,56.7112,74.5878,81.2685999999999,104.8121,119.5013,121.693,134.4196,141.4275,155.0776,36.8131,51.7358,51.0861,55.0372,58.7062,67.0341,70.663,81.6118,15,14,10,15,7.6976,8.4255,8.2204,7.2453,9.1256,98,108,102,117,103,116,99,114,118,448,476,476,502,489,509,496,522,534
"10012867","Female","Asian",NA,NA,27,29.6384,50.6907,50.8897,64.9425,70.7292,91.3459,100.1469,114.8529,123.4617,42.9063,55.4184,55.4475,87.5087,100.0749,100.1691,129.0085,132.0653,133.8378,22.7378,25.715,32.2302,36.4997,48.9453,60.4848,65.4175,70.2111,7,15,17,16,7.0173,6.9397,7.02,7.2914,7.0579,NA,109,95,95,91,78,80,99,90,403,462,448,462,462,448,462,496,489
"10012891","Male","White",0.9357,"none",16,NA,NA,NA,NA,NA,NA,NA,NA,NA,NA,NA,NA,NA,NA,NA,NA,NA,NA,NA,NA,NA,NA,NA,NA,NA,NA,NA,NA,NA,NA,NA,NA,NA,NA,NA,NA,NA,NA,NA,NA,NA,NA,NA,NA,NA,NA,NA,NA,NA,NA,NA,NA,NA
"10013005","Male","Black",0.5069,"relative",15,39.1882,56.4782,NA,74.398,NA,97.1426,NA,NA,NA,64.5302,78.5797,NA,114.0946,NA,130.6029,NA,NA,NA,47.6438,NA,48.2793,NA,61.4338,NA,NA,NA,14,18,NA,18,NA,7.3884,NA,NA,NA,111,116,NA,100,NA,93,NA,NA,NA,462,483,NA,476,NA,476,NA,NA,NA
"10013105","Female","Black",-0.409,"center",21,27.0179,47.8315,NA,59.8653,NA,79.2143,96.4806999999999,108.4574,112.9344,62.4461,73.5725,NA,103.8082,NA,125.1751,122.8708,136.9679,148.8841,34.2018,NA,41.607,NA,56.1882,62.4659,69.9261,80.2444,16,15,NA,15,NA,5.9926,7.3845,7.7376,6.6683,78,67,NA,102,NA,80,94,99,75,410,403,NA,483,NA,462,489,502,476
"10013160","Male","White",0.0541,"center",19,39.999,44.6193,NA,NA,NA,NA,NA,NA,NA,54.3084,66.7042,NA,NA,NA,NA,NA,NA,NA,48.8755,NA,NA,NA,NA,NA,NA,NA,17,14,NA,NA,NA,NA,NA,NA,NA,118,119,NA,NA,NA,NA,NA,NA,NA,476,489,NA,NA,NA,NA,NA,NA,NA
"10013185","Male","Asian",-0.543,"center",35,48.4708,53.617,NA,70.8703,NA,NA,NA,NA,NA,58.0003,68.1482,NA,98.7486,NA,NA,NA,NA,NA,30.9287,NA,43.6319,NA,NA,NA,NA,NA,14,15,NA,15,NA,NA,NA,NA,NA,119,104,NA,103,NA,NA,NA,NA,NA,483,470,NA,483,NA,NA,NA,NA,NA
"10013192","Male","Hispanic",-0.017,NA,NA,21.5976,NA,NA,NA,NA,NA,NA,NA,NA,38.7893,NA,NA,NA,NA,NA,NA,NA,NA,NA,NA,NA,NA,NA,NA,NA,NA,6,NA,NA,NA,NA,NA,NA,NA,NA,NA,NA,NA,NA,NA,NA,NA,NA,NA,403,NA,NA,NA,NA,NA,NA,NA,NA
"10013294","Female","White",-0.678,"none",15,52.215,58.393,69.4721,70.0095,85.1244,91.4619999999999,110.0291,117.9306,125.8318,55.9717,73.2631,71.2328,93.3562,104.3583,123.1499,135.8634,138.8459,149.1372,44.0134,54.0668,59.4568,61.5972,66.3906,65.8901,77.3172,81.7363,16,17,18,18,7.2138,7.69,6.7638,6.725,8.588,106,101,101,97,109,105,74,94,105,470,470,476,476,496,496,462,496,516
"10013386","Male","Black",0.4623,"center",NA,34.1076,45.0075,NA,60.4831,NA,76.2368,88.1854,106.6009,120.8969,61.2161,61.0517,NA,80.826,NA,112.4672,127.1975,128.379,141.178,29.59,NA,38.2336,NA,45.1972,53.6501,60.4366,69.9395,6,15,NA,15,NA,6.8828,6.9028,8.3681,9.077,117,94,NA,105,NA,92,89,93,99,462,435,NA,476,NA,470,476,489,502
"10013399","Female","White",0.5551,"center",7,52.4395,59.4049,NA,NA,NA,NA,NA,NA,NA,65.6783,93.9595,NA,NA,NA,NA,NA,NA,NA,42.9417,NA,NA,NA,NA,NA,NA,NA,16,16,NA,NA,NA,NA,NA,NA,NA,119,138,NA,NA,NA,NA,NA,NA,NA,476,516,NA,NA,NA,NA,NA,NA,NA
"10013503","Female","White",0.0172,"relative",17,41.6896,46.1111,NA,85.5278,NA,100.8571,115.6481,125.5318,132.7685,56.799,63.7771,NA,84.2596,NA,107.1656,120.7541,115.7724,135.2839,38.3502,NA,46.4346,NA,52.9866,57.7495,56.8153,60.1897,15,15,NA,18,NA,7.3495,7.397,7.6059,7.6395,122,96,NA,121,NA,93,88,97,97,483,448,NA,502,NA,476,476,496,502
"10013536","Female","other",-1.03,"none",NA,NA,NA,NA,NA,NA,NA,NA,NA,NA,NA,NA,NA,NA,NA,NA,NA,NA,NA,NA,NA,NA,NA,NA,NA,NA,NA,NA,NA,NA,NA,NA,NA,NA,NA,NA,NA,NA,NA,NA,NA,NA,NA,NA,NA,NA,NA,NA,NA,NA,NA,NA,NA,NA
"10013690","Female","Asian",1.393,"center",NA,48.5783,56.8694,63.9781,69.038,NA,103.9972,NA,NA,NA,82.8714,103.0301,98.4375,102.861,NA,119.1942,NA,NA,NA,32.3391,36.0444,44.4164,NA,50.1333,NA,NA,NA,15,15,15,16,NA,6.0801,NA,NA,NA,106,101,101,100,NA,108,NA,NA,NA,462,462,470,476,NA,496,NA,NA,NA
"10013693","Female","White",-0.23,"non-relative",6,46.1586,62.7029,NA,87.6828999999999,NA,97.5207,110.4142,110.7133,119.8713,74.6091,71.955,NA,93.0094,NA,112.7171,119.4177,125.5447,128.9208,37.5244,NA,43.5035,NA,51.8982,56.8108,69.0832,68.8865,14,18,NA,18,NA,6.8981,7.3835,7.8587,8.74839999999999,115,115,NA,100,NA,90,99,84,100,483,489,NA,483,NA,476,496,483,509
"10013913","Female","White",-0.07,"relative",6,35.237,57.1355,NA,67.3397,NA,94.4464,119.7658,119.0961,131.0764,51.9275,67.7982,NA,86.9616,NA,117.0951,137.7086,143.3527,145.4695,41.2017,NA,58.8748,NA,67.2436,68.8764,83.2535,89.7933,15,16,NA,16,NA,7.1852,6.8446,7.699,7.7197,105,109,NA,112,NA,99,118,107,120,448,470,NA,489,NA,483,516,509,534
"10013982","Male","Hispanic",-0.488,"none",22,NA,34.6589,NA,44.8234,45.4895,60.2554,68.4233,79.6015,97.8891,46.599,52.7477,50.5896,67.0506,68.4038,83.0657,99.8573,107.3586,113.6266,NA,NA,25.7068,29.8286,38.6546,39.98,37.9528,45.8267,NA,9,0,6,5.2747,3.375,5.5626,6.7437,6.9149,NA,77,67,59,53,85,34,92,93,NA,403,403,403,403,462,403,489,496
"10014085","Male","White",1.183,"relative",12,42.3358,59.816,NA,84.6519,NA,101.6527,109.1301,125.898,135.3677,57.9818,69.1978,NA,99.6747,NA,119.6378,133.567,125.6406,144.5726,51.7993,NA,57.0579,NA,66.9397,74.2543,78.5148,83.3355,15,18,NA,12,NA,3.25,8.5216,7.5214,9.1584,114,101,NA,95,NA,87,91,82,87,470,462,NA,470,NA,470,483,476,489
"10014153","Male","White",-0.622,"non-relative",8,34.7449,65.6914,NA,81.6868,NA,NA,NA,NA,NA,55.1004,72.2769,NA,88.6267,NA,NA,NA,NA,NA,41.2406,NA,42.772,NA,NA,NA,NA,NA,5,18,NA,18,NA,NA,NA,NA,NA,123,112,NA,111,NA,NA,NA,NA,NA,483,476,NA,489,NA,NA,NA,NA,NA
"10014234","Male","Hispanic",-1.09,"center",37,36.7645,51.3348,NA,64.9425,NA,65.0251,94.1085,95.976,110.989,54.1696,69.0592,NA,92.4191999999999,NA,116.4167,124.8412,124.6509,137.5166,30.224,NA,46.5466,NA,47.6454,62.8986,62.8821,74.7501,18,16,NA,18,NA,7.3484,6.8581,7.504,7.3091,59,66,NA,91,NA,89,89,80,87,403,426,NA,476,NA,483,489,483,496
"10014243","Male","Hispanic",NA,NA,18,26.7865,45.012,56.594,64.9632,62.2728,69.8455,74.8259,80.8597,79.1669,47.9879,64.4065,64.8447,74.6305,69.7388,84.9595,108.1023,107.1966,108.2656,33.747,31.704,38.2374,30.8031,41.8254,49.8313,46.6143,54.9206,15,15,15,17,2.75,7.0954,NA,6.7301,4.125,80,95,90,106,102,89,97,82,92,403,448,448,483,483,470,489,476,496
"10014343","Male","Hispanic",-0.607,"relative",31,19.397,26.8773,40.7163,42.3228,54.1516,59.3165,77.8952,NA,93.9218,35.8305,40.9541,46.9367,60.5134,66.9049,74.0493,98.2274,NA,126.9452,27.356,19.2874,20.185,17.82,19.0399,26.4537,NA,36.1138,6,6,6,17,4.125,2.25,2.375,NA,3.5,NA,77,67,60,53,99,97,NA,102,403,403,403,403,403,483,489,NA,509
"10014399","Male","White",1.544,"center",NA,39.8919,55.5744,NA,67.2252,NA,93.3797,118.3569,110.0375,119.0841,64.1272,70.366,NA,111.8135,NA,112.4117,137.4613,151.0776,154.5923,31.548,NA,45.234,NA,55.1141,65.6587,75.0204,79.7749,17,16,NA,17,NA,7.3293,6.1592,7.7785,8.6849,106,114,NA,99,NA,96,82,91,106,462,483,NA,476,NA,483,470,489,516
"10014673","Male","Hispanic",-0.962,"relative",32,24.0708,41.6491,49.4169,59.8678,59.5525,72.0581,89.2482,98.2371,113.5638,41.9816,58.2864,68.0134,98.6367,100.2237,111.1458,119.7937,122.0345,137.9192,26.9192,30.6587,32.7068,37.6374,42.1531,49.2454,52.0745,71.8319,14,17,18,15,7.4677,8.6584,7.1225,7.392,7.8046,74,68,93,50,98,70,99,80,95,403,403,462,403,483,448,496,476,502
"10014728","Male","White",0.5476,"non-relative",22,27.0472,57.3294,60.8078,74.404,75.0611,70.4677,102.761,107.1531,123.8136,44.3872,70.0477,72.0854,93.3878,85.9343,103.4827,119.8777,118.4065,138.0232,36.5459,42.176,47.8286,47.8725,50.1777,67.4563,65.5649,73.0976,16,16,16,17,5.3122,7.0339,7.5074,8.3206,8.8439,78,66,72,97,98,95,94,89,90,410,403,426,476,483,483,489,489,496
"10014739","Female","White",NA,NA,23,17.7501,25.3738,NA,42.825,NA,58.564,68.4678,79.2959,75.7163,39.3071,53.9021,NA,80.7012,NA,93.4601,92.0444,122.8351,125.98,27.6618,NA,36.8266,NA,41.5256,55.4344,61.4205,69.1,17,9,NA,15,NA,6.8059,6.6519,7.4009,8.3326,81,74,NA,100,NA,67,103,97,93,403,403,NA,476,NA,435,496,496,496
"10014985","Female","other",-0.289,"center",NA,37.131,58.6863,NA,73.0274,NA,88.7077,102.8115,116.6741,119.7758,74.0107,95.3451,NA,106.8559,NA,114.0163,132.4483,126.5141,136.8251,34.9255,NA,53.8241,NA,44.7808,50.8171,62.9332,81.9584,15,15,NA,18,NA,8.3422,6.9567,7.8299,9.3639,77,91,NA,72,NA,72,104,95,101,403,448,NA,435,NA,448,502,496,509
"10015162","Female","Black",-1.28,NA,36,25.4508,38.273,NA,NA,NA,NA,NA,NA,NA,50.3068,63.3819,NA,NA,NA,NA,NA,NA,NA,31.5785,NA,NA,NA,NA,NA,NA,NA,15,16,NA,NA,NA,NA,NA,NA,NA,79,71,NA,NA,NA,NA,NA,NA,NA,403,403,NA,NA,NA,NA,NA,NA,NA
"10015223","Female","Hispanic",NA,NA,24,25.4762,33.7825,NA,NA,NA,NA,NA,NA,NA,43.1931,59.908,NA,NA,NA,NA,NA,NA,NA,26.0446,NA,NA,NA,NA,NA,NA,NA,15,15,NA,NA,NA,NA,NA,NA,NA,72,63,NA,NA,NA,NA,NA,NA,NA,403,403,NA,NA,NA,NA,NA,NA,NA
"10015228","Female","White",0.4265,"center",NA,40.2594,52.9506,NA,NA,NA,NA,NA,NA,NA,54.7336,65.7995,NA,NA,NA,NA,NA,NA,NA,38.3669,NA,NA,NA,NA,NA,NA,NA,15,15,NA,NA,NA,NA,NA,NA,NA,79,112,NA,NA,NA,NA,NA,NA,NA,403,476,NA,NA,NA,NA,NA,NA,NA
"10015237","Male","White",-0.025,NA,NA,28.8938,50.6399,NA,NA,NA,NA,NA,NA,NA,58.5409,65.2282,NA,NA,NA,NA,NA,NA,NA,28.4911,NA,NA,NA,NA,NA,NA,NA,14,15,NA,NA,NA,NA,NA,NA,NA,112,105,NA,NA,NA,NA,NA,NA,NA,462,462,NA,NA,NA,NA,NA,NA,NA
"10015244","Male","White",-1.45,"center",27,15.4777,25.0296,NA,NA,NA,NA,NA,NA,NA,39.5119,60.3065,NA,NA,NA,NA,NA,NA,NA,29.494,NA,NA,NA,NA,NA,NA,NA,10,15,NA,NA,NA,NA,NA,NA,NA,NA,76,NA,NA,NA,NA,NA,NA,NA,403,403,NA,NA,NA,NA,NA,NA,NA
"10015256","Female","other",0.5718,"center",NA,35.1948,51.1097,NA,79.9621,NA,96.5524,120.8751,126.3877,133.4749,50.8084,62.5822,NA,104.9429,NA,121.8126,137.304,140.7848,136.4052,45.7464,NA,56.4698,NA,68.8093,80.0409,82.3990999999999,82.1951,18,18,NA,15,NA,5.9806,7.2309,7.1129,8.5288,75,90,NA,100,NA,90,104,104,101,403,448,NA,483,NA,476,502,509,509
"10015311","Female","White",0.2398,"none",5,30.3297,42.0426,NA,65.1026,NA,75.4983,80.5717,NA,NA,47.2357,56.8456,NA,72.0092,NA,81.9615,92.807,NA,NA,22.5294,NA,45.0167,NA,45.6828,47.4221,NA,NA,15,16,NA,18,NA,5.8637,6.7688,NA,NA,105,98,NA,92,NA,75,98,NA,NA,448,448,NA,462,NA,448,489,NA,NA
"10015332","Male","White",-0.301,"center",4,42.9891,49.8835,64.7596,96.0357,98.6136,118.0681,127.1004,131.1477,139.8319,47.9501,67.9975,91.4695,115.1378,126.9213,132.4184,138.8562,148.379,153.9259,28.476,41.513,45.5157,50.7912,52.8009,66.1451,81.331,79.7116,18,17,15,18,7.2737,7.1771,7.2064,6.6955,7.8937,96,98,106,112,109,110,105,105,106,448,462,483,496,496,502,502,509,516
"10015382","Male","White",1.04,"center",NA,41.3883,52.8989,NA,83.0689,NA,93.7857,103.0307,129.3738,126.1002,52.7506,65.3832,NA,98.0842,NA,113.5916,120.0941,122.478,142.6408,35.1767,NA,46.7621,NA,60.1234,64.8874,75.4397,85.4973,16,18,NA,17,NA,6.5359,3.875,6.5024,6.3428,74,84,NA,89,NA,86,91,102,88,419,448,NA,470,NA,476,489,509,496
"10015437","Male","Hispanic",NA,NA,27,28.162,39.3977,48.1441,72.6207,NA,NA,NA,NA,NA,45.795,58.9426,58.0747,73.1656,NA,NA,NA,NA,NA,28.3121,45.6193,36.8573,NA,NA,NA,NA,NA,16,15,14,14,NA,NA,NA,NA,NA,76,67,70,80,NA,NA,NA,NA,NA,403,403,419,448,NA,NA,NA,NA,NA
"10015590","Male","other",0.769,"center",10,36.9877,45.9866,NA,64.6387,NA,NA,NA,NA,NA,56.0077,71.4383,NA,106.712,NA,NA,NA,NA,NA,40.0005,NA,52.3529,NA,NA,NA,NA,NA,10,17,NA,15,NA,NA,NA,NA,NA,95,116,NA,106,NA,NA,NA,NA,NA,448,489,NA,489,NA,NA,NA,NA,NA
"10015668","Female","Asian",0.8464,"none",8,32.8094,48.1829,NA,71.4125,NA,109.0977,116.6621,116.9516,130.3104,66.4395,88.3472,NA,109.7588,NA,129.565,123.4502,124.5295,139.9994,31.7973,NA,41.6815,NA,60.315,65.446,73.7561,77.8877,18,14,NA,18,NA,6.6583,6.5164,9.0114,9.0972,111,110,NA,97,NA,98,104,104,105,476,483,NA,476,NA,489,502,509,516
"10015672","Male","Black",0.9267,NA,7,32.6999,40.241,NA,70.4565,NA,90.0005,105.492,108.143,109.6827,54.7014,58.0827,NA,81.1243,NA,104.2023,116.875,126.5888,130.8646,30.7972,NA,45.2832,NA,55.336,70.8151,67.061,78.3651,16,14,NA,17,NA,6.1917,7.492,8.5184,7.6903,92,87,NA,100,NA,70,84,94,100,448,448,NA,483,NA,448,476,496,509
"10015725","Female","Hispanic",NA,NA,32,30.5361,41.3334,55.7567,63.2663,76.3364,99.2605,123.8509,122.5692,128.2348,53.3778,69.9261,80.7819,105.1526,120.9128,126.1965,133.5284,140.3057,154.8412,28.8719,31.926,52.8802,51.8205,63.9003,65.6705,82.4829999999999,86.2086,14,15,16,16,8.0853,7.9379,9.1937,8.8545,7.9051,72,97,117,80,94,105,95,89,76,403,462,496,448,476,496,489,489,476
"10015837","Female","White",-0.625,"center",17,24.8047,39.7409,NA,59.619,NA,NA,NA,NA,NA,50.6874,54.6939,NA,91.0153,NA,NA,NA,NA,NA,28.8665,NA,44.7276,NA,NA,NA,NA,NA,15,15,NA,16,NA,NA,NA,NA,NA,NA,79,NA,95,NA,NA,NA,NA,NA,403,403,NA,462,NA,NA,NA,NA,NA
"10015871","Male","Hispanic",-1.12,"none",27,NA,41.1985,NA,68.1683,NA,82.8116,NA,91.6629,NA,NA,66.3061,NA,92.7315,NA,103.803,NA,118.9811,NA,35.8156,NA,43.2611,NA,62.7287,NA,68.466,NA,NA,6,NA,16,NA,7.2471,NA,8.6773,NA,NA,95,NA,92,NA,74,NA,86,NA,NA,448,NA,462,NA,448,NA,483,NA
"10015901","Male","other",0.8651,"none",38,NA,NA,NA,NA,NA,NA,NA,NA,NA,NA,NA,NA,NA,NA,NA,NA,NA,NA,NA,NA,NA,NA,NA,NA,NA,NA,NA,NA,NA,NA,NA,NA,NA,NA,NA,NA,NA,NA,NA,NA,NA,NA,NA,NA,NA,NA,NA,NA,NA,NA,NA,NA,NA
"10015936","Female","White",-0.336,NA,7,20.9412,30.2235,37.9799,57.6378,72.2257,75.5844,87.622,106.4791,109.3962,39.653,48.6627,54.7089,67.4246,86.1584,103.6376,117.3848,122.2909,115.7121,27.7391,34.6115,45.185,42.4391,53.5203,50.5051,65.3857,72.0262,17,17,15,18,6.1666,7.5344,7.4565,7.7947,9.5048,NA,78,72,87,104,96,93,93,83,403,403,403,448,483,476,483,489,483
"10015962","Female","Hispanic",-1.28,"none",17,33.3727,45.7627,NA,61.2777,NA,86.2539,118.3189,108.8908,117.6662,49.3393,69.9559,NA,107.6692,NA,109.8516,125.6031,122.6418,131.6288,26.248,NA,35.3328,NA,39.2414,52.7435,55.8862,60.3612,17,14,NA,10,NA,4,8.3695,9.0891,8.5291,NA,106,NA,109,NA,86,114,103,103,403,462,NA,483,NA,462,509,502,509
"10015990","Male","Hispanic",-0.837,"center",51,43.1251,45.9979,59.5796,70.4341,71.7817,82.9714,113.5964,114.437,117.5057,58.5615,61.4724,80.0747,100.1443,108.434,117.4801,126.1381,134.9541,142.7591,24.5258,25.7911,42.6636,49.7696,55.6686,55.7461,69.5653,82.537,15,15,15,18,6.6271,6.9268,8.1193,8.4074,8.5219,105,99,94,113,95,96,115,96,118,462,462,462,496,476,483,516,496,534
"10016012","Female","Black",-0.754,"center",21,26.9469,35.2742,NA,61.2055,NA,74.2477,71.5291,85.288,NA,53.2314,65.3954,NA,93.9048,NA,96.4369,112.7134,108.0665,NA,28.0446,NA,36.0958,NA,44.8826,55.3058,53.5119,NA,16,13,NA,14,NA,3.875,6.845,7.2954,NA,77,70,NA,80,NA,71,80,95,NA,403,403,NA,448,NA,448,470,496,NA
"10016021","Female","White",0.7573,"center",3,41.3123,51.9257,69.1065,84.5414,74.3198,92.7398,112.0458,118.5889,132.8643,61.3169,65.2804,72.5479,112.5449,116.4111,128.6882,123.2341,143.0688,147.1952,50.5188,52.0736,54.4218,49.204,63.4129,74.0504,71.0072,78.4994,16,18,18,18,7.0325,6.5261,7.8233,7.2258,7.8458,118,113,128,113,103,121,89,103,129,470,470,502,489,483,509,476,502,544
"10016089","Male","White",0.5884,"center",7,37.3191,56.3456,NA,76.3178,NA,104.4971,129.5602,NA,NA,90.8024,117.0668,NA,129.6363,NA,138.6969,132.8642,NA,NA,40.8158,NA,51.3041,NA,61.7241,73.7037,NA,NA,15,16,NA,17,NA,6.9897,8.413,NA,NA,110,115,NA,95,NA,114,113,NA,NA,476,489,NA,476,NA,509,516,NA,NA
"10016151","Male","White",-0.099,"center",24,31.4221,37.4127,49.9272,NA,NA,NA,NA,NA,NA,46.8051,57.4336,55.4351,NA,NA,NA,NA,NA,NA,34.0114,35.8263,NA,NA,NA,NA,NA,NA,17,13,17,NA,NA,NA,NA,NA,NA,70,74,82,NA,NA,NA,NA,NA,NA,403,426,448,NA,NA,NA,NA,NA,NA
"10016183","Female","other",-0.388,"relative",10,20.0247,49.2058,40.0761,62.2101,62.6979,78.4725,82.7734,NA,NA,45.6477,58.2231,61.8212,81.1465,77.5457,91.0457,107.1749,NA,NA,32.791,36.2941,31.8868,32.8936,41.8409,46.027,NA,NA,15,15,18,18,6.9928,7.8099,7.8947,NA,NA,78,74,63,81,68,82,91,NA,NA,403,419,403,448,435,462,483,NA,NA
"10016232","Female","Asian",-0.75,"center",14,25.7804,43.1119,NA,70.9269,NA,98.6984,106.7632,120.2772,133.3121,49.4124,63.1909,NA,90.1726,NA,100.7515,118.0901,126.8644,125.7323,22.8305,NA,27.7051,NA,42.8198,57.0574,60.8407,59.8829,15,15,NA,16,NA,5.8689,6.9232,7.5546,8.3505,NA,111,NA,104,NA,110,108,103,108,403,470,NA,476,NA,496,502,502,516
"10016242","Male","White",0.1909,"none",NA,41.0119,72.6237,NA,102.327,NA,NA,NA,NA,NA,60.1706,77.4508,NA,124.9545,NA,NA,NA,NA,NA,36.5483,NA,40.7993,NA,NA,NA,NA,NA,17,17,NA,18,NA,NA,NA,NA,NA,108,109,NA,111,NA,NA,NA,NA,NA,448,470,NA,489,NA,NA,NA,NA,NA
"10016267","Female","White",0.1822,"center",23,25.169,36.5894,NA,64.6156,NA,78.2563,NA,NA,NA,46.594,59.98,NA,87.673,NA,125.9374,NA,NA,NA,32.6027,NA,34.6503,NA,48.8223,NA,NA,NA,15,15,NA,15,NA,4.8345,NA,NA,NA,76,91,NA,80,NA,72,NA,NA,NA,403,448,NA,448,NA,448,NA,NA,NA
"10016360","Male","Black",0.5003,"center",19,43.0746,57.264,NA,78.8422,NA,101.4984,123.8607,NA,NA,55.8597,86.6011,NA,104.0569,NA,114.6661,126.3397,NA,NA,30.3444,NA,39.936,NA,41.5944,51.6059,NA,NA,17,16,NA,18,NA,7.5536,7.6753,NA,NA,117,107,NA,117,NA,99,114,NA,NA,483,476,NA,502,NA,489,516,NA,NA
"10016448","Male","White",0.1537,"center",12,38.3072,56.4517,NA,104.9116,NA,116.7811,121.5411,139.466,140.1335,55.4845,73.7626,NA,117.3328,NA,138.5088,148.2148,153.5362,154.0231,39.3509,NA,64.4765,NA,83.6655,83.2285,88.8645,89.9775,17,18,NA,17,NA,7.0502,7.9793,6.9169,8.846,96,106,NA,80,NA,100,109,94,105,448,476,NA,448,NA,489,509,496,516
"10016466","Female","Black",-0.686,"none",36,29.3735,33.4738,NA,52.4652,NA,64.001,NA,NA,NA,46.6284,65.2022,NA,82.3374,NA,104.6711,NA,NA,NA,30.7775,NA,30.7825,NA,38.8352,NA,NA,NA,16,15,NA,15,NA,3.25,NA,NA,NA,78,70,NA,82,NA,73,NA,NA,NA,403,403,NA,448,NA,448,NA,NA,NA
"10016489","Female","Black",-1.28,NA,NA,44.8952,40.2757,NA,NA,NA,NA,NA,NA,NA,60.6068,58.5217,NA,NA,NA,NA,NA,NA,NA,28.9588,NA,NA,NA,NA,NA,NA,NA,15,15,NA,NA,NA,NA,NA,NA,NA,122,89,NA,NA,NA,NA,NA,NA,NA,489,448,NA,NA,NA,NA,NA,NA,NA
"10016553","Female","Black",-0.844,"none",38,18.908,37.8841,NA,45.582,NA,68.4143,76.6026,81.6316,NA,44.332,53.9206,NA,67.0266,NA,101.0668,103.2818,106.3371,NA,20.8936,NA,26.03,NA,35.0746,35.9436,36.7523,NA,15,16,NA,15,NA,3.625,3,6.8255,NA,76,71,NA,55,NA,41,50,86,NA,403,403,NA,403,NA,403,426,483,NA
"10016696","Female","White",0.7577,"center",NA,48.1464,62.6979,NA,77.8934,NA,107.6029,105.1621,115.8864,129.4537,57.3446,68.3321,NA,96.7776,NA,123.1954,125.3862,127.121,138.548,34.8507,NA,44.1493,NA,46.9259,58.5404,73.3312,74.5407,14,13,NA,18,NA,7.0733,7.7329,8.3102,8.3006,109,95,NA,84,NA,108,87,92,87,462,448,NA,448,NA,496,476,489,489
"10016848","Female","Asian",0.8729,"center",9,25.4099,47.4646,NA,NA,NA,NA,NA,NA,NA,44.5157,53.691,NA,NA,NA,NA,NA,NA,NA,25.5924,NA,NA,NA,NA,NA,NA,NA,16,14,NA,NA,NA,NA,NA,NA,NA,89,105,NA,NA,NA,NA,NA,NA,NA,419,462,NA,NA,NA,NA,NA,NA,NA
"10016865","Female","White",0.0227,"center",9,22.6049,36.2217,NA,61.2628,NA,53.2657,NA,NA,NA,42.2761,55.6369,NA,84.9241,NA,114.1002,NA,NA,NA,35.3036,NA,29.5928,NA,33.0904,NA,NA,NA,15,15,NA,14,NA,5.8571,NA,NA,NA,NA,80,NA,102,NA,85,NA,NA,NA,403,410,NA,476,NA,462,NA,NA,NA
"10016909","Female","Black",-1.05,"center",44,31.5283,45.1335,61.9319,67.095,NA,71.1365,76.2815,86.8001,97.7251,57.4056,70.3584,83.8759,98.7876,NA,112.2176,112.0049,113.674,120.6721,33.1196,37.2723,33.7216,NA,44.8856,47.4357,50.7089,57.1139,15,17,16,16,NA,7.4098,6.9213,7.3016,6.7693,71,99,105,100,NA,104,94,89,85,403,470,483,483,NA,496,489,489,489
"10016916","Male","Hispanic",-1.17,"relative",34,17.5118,40.5632,53.3481,62.4361,66.151,71.1081,81.4898,96.0234,108.689,39.8757,62.1976,70.3988,74.6946,83.4138,99.3648,112.2523,112.0376,113.8762,21.079,22.706,31.786,30.0239,45.6363,51.7411,49.5939,44.4376,15,15,15,15,5.5817,6.2568,6.8828,7.4112,7.6214,NA,114,118,113,73,90,119,107,88,403,476,489,489,435,470,516,509,489
"10016921","Male","White",0.8088,"center",29,40.4027,54.5291,NA,74.392,NA,94.6964,NA,NA,NA,61.4839,97.4016999999999,NA,108.8669,NA,135.5542,NA,NA,NA,42.6016,NA,40.8172,NA,60.1879,NA,NA,NA,10,18,NA,14,NA,6.6768,NA,NA,NA,117,123,NA,87,NA,104,NA,NA,NA,470,489,NA,448,NA,489,NA,NA,NA
"10016929","Female","Black",-1.02,"relative",11,24.361,28.2254,44.7942,53.8107,53.3128,58.01,75.6506,80.1084,88.5043,49.7218,63.171,71.2511,78.8428,82.0665,94.0416,98.4241,112.2953,108.5767,26.7239,28.5345,27.3885,32.2146,31.1827,41.1608,42.8982,44.4284,14,6,14,10,2.625,2,6.1274,8.6469,6.5854,81,98,84,60,94,99,83,102,103,403,448,435,403,470,483,470,502,509
"10016965","Female","White",NA,NA,8,NA,49.9824,52.9271,63.8939,76.1622,94.3036999999999,NA,NA,NA,NA,62.1856,65.0724,83.6329,89.9157,107.0053,NA,NA,NA,46.7287,48.7792,53.892,61.3135,69.5836,NA,NA,NA,NA,18,16,18,7.3381,8.2024,NA,NA,NA,NA,81,79,81,77,72,NA,NA,NA,NA,426,435,448,448,448,NA,NA,NA
"10016975","Female","Black",-0.825,"relative",37,27.1019,49.2952,66.1039,70.9269,68.0658,75.6274,95.5006,102.7413,110.6531,47.0567,64.9691,75.9232,97.3156999999999,102.1012,114.061,124.1987,138.5115,117.7844,24.3452,27.4579,31.7122,35.3118,38.7117,44.842,49.0099,51.009,15,16,16,17,4,6.7438,8.0591,9.0375,8.8242,76,107,98,80,98,106,94,95,101,403,476,470,448,483,496,489,496,509
"10016985","Male","White",0.2218,"center",9,40.0112,65.3978,NA,75.3359,NA,99.3778,111.7802,121.6877,133.2755,63.1331,70.9565,NA,99.877,NA,113.2068,144.0262,128.9065,152.8474,40.3753,NA,51.6337,NA,56.6101,67.3049,76.8526,88.1137,17,16,NA,18,NA,5.2683,6.9694,7.6492,8.7961,104,103,NA,100,NA,103,98,108,99,470,476,NA,483,NA,496,496,516,509
"10017000","Male","White",1.141,"center",10,58.149,68.8385,NA,87.1456999999999,NA,114.8487,129.2157,124.9814,135.4103,58.8164,70.4443,NA,105.2208,NA,121.2033,134.119,134.1609,143.7508,47.6438,NA,67.5099,NA,67.6483,74.5586,77.463,87.8144,18,18,NA,16,NA,6.9468,6.8595,8.361,8.8478,124,108,NA,67,NA,88,92,89,100,496,483,NA,435,NA,476,489,489,509
"10017021","Female","Asian",-0.098,"center",15,24.7446,40.7681,NA,68.8412,NA,74.9911,NA,NA,NA,44.8746,65.1482,NA,89.3967,NA,116.4676,NA,NA,NA,27.905,NA,42.5469,NA,58.3483,NA,NA,NA,16,15,NA,15,NA,7.7755,NA,NA,NA,116,120,NA,113,NA,115,NA,NA,NA,462,483,NA,489,NA,502,NA,NA,NA
"10017142","Female","White",0.6968,"center",NA,38.372,50.7809,NA,72.8867,NA,92.6928,105.2981,124.5412,129.6096,57.1969,73.2487,NA,101.2777,NA,116.6145,117.1946,131.6803,132.9284,40.2843,NA,52.8387,NA,52.3048,49.1835,64.7271,76.1781,16,16,NA,18,NA,5.953,5.8138,7.5154,7.661,123,101,NA,100,NA,102,65,81,101,489,462,NA,476,NA,489,448,476,509
"10017197","Male","White",-0.621,"relative",16,30.4662,41.0349,NA,65.1233,NA,80.7328,105.9585,116.1465,120.2474,45.5712,70.9487,NA,86.0903,NA,111.7859,117.042,137.7901,144.3001,25.4643,NA,40.8185,NA,52.1997,59.0632,63.6955,69.031,9,17,NA,17,NA,6.2422,6.5137,7.6457,8.79119999999999,71,64,NA,63,NA,98,63,103,94,403,403,NA,426,NA,489,448,509,502
"10017262","Male","Asian",NA,NA,21,47.6423,52.4699,71.8478,93.2499,110.3713,108.6523,125.169,129.1376,132.7962,45.5428,56.7356,58.0083,65.5638,75.2044,86.7062,117.6128,131.7693,135.9741,32.5234,40.0207,37.5984,45.0809,50.7411,63.6491,76.1047,80.2354,15,15,18,17,6.1546,6.3088,8.0599,8.6572,8.6919,103,106,106,105,99,108,91,101,81,448,470,476,483,483,496,483,502,483
"10017298","Male","Hispanic",-0.884,"center",NA,22.5371,NA,NA,NA,NA,NA,NA,NA,NA,42.2998,NA,NA,NA,NA,NA,NA,NA,NA,NA,NA,NA,NA,NA,NA,NA,NA,15,NA,NA,NA,NA,NA,NA,NA,NA,77,NA,NA,NA,NA,NA,NA,NA,NA,403,NA,NA,NA,NA,NA,NA,NA,NA
"10017378","Male","White",-0.122,"center",NA,47.3849,58.1758,79.9555,90.1151,96.6807,106.8484,112.6804,120.9207,121.7292,70.9824,94.8309,127.7992,133.4663,127.0222,136.8946,129.6892,149.8164,155.2472,47.3453,53.2038,54.1608,63.0363,67.6797,70.0066,75.9178,83.0694,14,17,18,18,8.5984,7.1368,7.6133,7.504,7.3944,125,118,122,117,102,99,98,92,103,483,483,496,496,483,483,489,489,509
"10017383","Female","Asian",NA,NA,9,30.8651,39.5349,53.3481,64.1211,75.8556,85.6145,105.9929,115.5249,140.0482,47.2209,53.2205,57.2775,78.1037,74.891,89.8047,114.2418,116.0659,130.5742,22.5962,25.437,32.9344,28.9615,38.1773,47.8993,49.512,60.2233,14,17,16,18,5.9544,6.7875,8.6191,6.8675,7.6709,NA,79,94,95,96,100,85,99,99,403,403,448,462,470,483,470,496,502
"10017401","Male","White",-0.074,"none",17,23.2144,46.7891,NA,60.2579,NA,89.9431999999999,99.6318,114.9704,111.1463,47.9753,64.1462,NA,100.3479,NA,115.9315,110.2586,134.3018,120.998,33.3442,NA,51.7887,NA,53.431,59.6759,69.6291,77.105,15,12,NA,17,NA,7.5435,6.9271,7.8665,6.2989,80,102,NA,111,NA,93,107,102,98,403,462,NA,489,NA,476,502,502,502
"10017481","Female","Black",0.6214,"center",NA,52.1917,64.1773,NA,85.6471,NA,106.2275,NA,NA,NA,87.2468,100.3131,NA,123.6501,NA,145.6511,NA,NA,NA,41.1808,NA,56.8201,NA,69.6964,NA,NA,NA,15,17,NA,18,NA,7.3292,NA,NA,NA,99,112,NA,102,NA,111,NA,NA,NA,448,483,NA,483,NA,502,NA,NA,NA
"10017490","Female","Asian",1.181,"center",10,NA,74.4462,79.3848,85.6435,97.4845,NA,NA,NA,NA,NA,100.4026,116.2417,126.0444,127.6039,NA,NA,NA,NA,44.7352,52.6123,54.6522,50.2546,NA,NA,NA,NA,NA,18,18,18,6.7331,NA,NA,NA,NA,NA,109,121,100,92,NA,NA,NA,NA,NA,483,502,483,476,NA,NA,NA,NA
"10017558","Male","White",0.6029,"center",NA,43.079,59.1495,NA,76.1902,NA,109.9632,NA,NA,NA,56.0635,81.0911,NA,114.2066,NA,132.678,NA,NA,NA,39.4661,NA,55.0784,NA,71.17,NA,NA,NA,16,14,NA,16,NA,7.5991,NA,NA,NA,113,121,NA,83,NA,93,NA,NA,NA,448,476,NA,435,NA,470,NA,NA,NA
"10017577","Male","White",0.5305,"center",24,29.3666,39.6387,NA,63.5809,NA,78.826,91.8836999999999,106.4834,117.9186,57.163,63.0719,NA,84.1703,NA,112.323,133.3007,136.6565,145.6622,44.3953,NA,62.6133,NA,61.8469,76.0919,75.7352,88.2204,15,17,NA,16,NA,6.5537,6.7769,7.4042,7.4136,71,89,NA,78,NA,94,94,89,85,403,448,NA,448,NA,483,489,489,489
"10017595","Male","White",1.281,"center",15,49.9134,66.7877,NA,101.1371,NA,118.4601,121.2955,134.9754,137.073,70.4697,70.4849,NA,115.0198,NA,133.1101,135.1642,141.7876,155.9708,37.9887,NA,55.1723,NA,68.7046,84.0841,83.7523,86.3455,16,13,NA,18,NA,6.9741,7.9693,7.8874,8.14169999999999,74,101,NA,112,NA,100,95,105,106,403,470,NA,496,NA,489,489,509,516
"10017621","Male","White",1.965,"center",NA,50.774,57.7861,59.9467,81.52,77.7496,114.0152,121.8836,121.1111,126.6533,63.0449,80.0675,91.4476,114.3914,114.711,135.8453,134.1781,145.1425,131.1401,42.6579,51.7217,47.1591,51.8222,61.0121,64.7371,73.6808,81.9613,15,15,18,17,5.715,7.8835,7.3091,8.7617,8.2325,111,105,108,107,102,104,98,71,88,462,462,476,483,483,489,489,462,489
"10017839","Female","White",-1.15,"relative",NA,38.8946,NA,NA,NA,NA,NA,NA,NA,NA,57.0768,NA,NA,NA,NA,NA,NA,NA,NA,NA,NA,NA,NA,NA,NA,NA,NA,15,NA,NA,NA,NA,NA,NA,NA,NA,100,NA,NA,NA,NA,NA,NA,NA,NA,462,NA,NA,NA,NA,NA,NA,NA,NA
"10017843","Female","Black",NA,NA,24,13.9625,32.9426,NA,NA,NA,NA,NA,NA,NA,39.0514,57.3903,NA,NA,NA,NA,NA,NA,NA,26.7335,NA,NA,NA,NA,NA,NA,NA,3,14,NA,NA,NA,NA,NA,NA,NA,77,70,NA,NA,NA,NA,NA,NA,NA,403,403,NA,NA,NA,NA,NA,NA,NA
"10017929","Male","White",-0.17,"center",17,35.0535,49.153,59.1004,83.5269,94.3235,112.6613,106.4513,130.5575,130.2159,53.5848,59.6511,64.1405,76.3406,80.0856,87.3162,116.6683,129.4946,144.3855,34.2344,38.4158,48.4207,41.1892,62.4897,66.5751,80.8203,84.5586,15,17,16,15,6.7086,7.21,7.6327,7.1455,8.0824,86,90,87,98,91,91,99,85,91,426,448,448,476,470,476,496,483,496
"10017947","Male","White",-0.008,"center",19,34.4072,48.1418,NA,84.1366,NA,101.4457,114.1585,117.1164,123.9176,56.0659,67.9021,NA,87.2468,NA,116.174,133.3761,126.8996,148.2596,38.8939,NA,41.5593,NA,62.5618,66.2744,70.2998,81.6567,17,18,NA,18,NA,6.8048,5.8931,7.215,7.1934,75,79,NA,71,NA,80,85,80,80,403,426,NA,435,NA,462,476,476,483
"10018037","Male","Hispanic",0.2518,"center",21,34.5862,46.3422,NA,NA,NA,NA,NA,NA,NA,54.516,69.0401,NA,NA,NA,NA,NA,NA,NA,38.9252,NA,NA,NA,NA,NA,NA,NA,16,14,NA,NA,NA,NA,NA,NA,NA,101,77,NA,NA,NA,NA,NA,NA,NA,462,426,NA,NA,NA,NA,NA,NA,NA
"10018150","Male","other",0.3793,"center",22,32.9379,52.5964,NA,66.5819,NA,78.4337,94.4845,116.6842,125.6312,56.2229,72.6622,NA,105.8528,NA,114.6717,127.3917,131.166,142.9655,37.4269,NA,48.9819,NA,53.6116,56.7637,67.5068,82.4815999999999,14,17,NA,16,NA,4.7947,5.3351,6.525,6.9077,100,105,NA,115,NA,112,96,111,119,448,470,NA,496,NA,502,489,516,534
